GeoID_Description,GeoID_Name,SitsinState,GeoID,GeoID_Formatted,rpopden,TimeFrame,GeoVintage,Source,Location
Census Tract,5001480100,AR,5001480100,"=""05001480100""",4.12,2019-2023,2022,Census,Arkansas (State)
Census Tract,5001480200,AR,5001480200,"=""05001480200""",5.5,2019-2023,2022,Census,Arkansas (State)
Census Tract,5001480300,AR,5001480300,"=""05001480300""",181.5,2019-2023,2022,Census,Arkansas (State)
Census Tract,5001480400,AR,5001480400,"=""05001480400""",86.67,2019-2023,2022,Census,Arkansas (State)
Census Tract,5001480500,AR,5001480500,"=""05001480500""",672.15,2019-2023,2022,Census,Arkansas (State)
Census Tract,5001480600,AR,5001480600,"=""05001480600""",32.91,2019-2023,2022,Census,Arkansas (State)
Census Tract,5001480700,AR,5001480700,"=""05001480700""",48.07,2019-2023,2022,Census,Arkansas (State)
Census Tract,5001480800,AR,5001480800,"=""05001480800""",3.59,2019-2023,2022,Census,Arkansas (State)
Census Tract,5003960100,AR,5003960100,"=""05003960100""",4.01,2019-2023,2022,Census,Arkansas (State)
Census Tract,5003960200,AR,5003960200,"=""05003960200""",16.64,2019-2023,2022,Census,Arkansas (State)
Census Tract,5003960300,AR,5003960300,"=""05003960300""",53.23,2019-2023,2022,Census,Arkansas (State)
Census Tract,5003960400,AR,5003960400,"=""05003960400""",4.76,2019-2023,2022,Census,Arkansas (State)
Census Tract,5003960500,AR,5003960500,"=""05003960500""",232.95,2019-2023,2022,Census,Arkansas (State)
Census Tract,5003960600,AR,5003960600,"=""05003960600""",220.33,2019-2023,2022,Census,Arkansas (State)
Census Tract,5003960700,AR,5003960700,"=""05003960700""",28.65,2019-2023,2022,Census,Arkansas (State)
Census Tract,5005950100,AR,5005950100,"=""05005950100""",426.57,2019-2023,2022,Census,Arkansas (State)
Census Tract,5005950200,AR,5005950200,"=""05005950200""",596.88,2019-2023,2022,Census,Arkansas (State)
Census Tract,5005950300,AR,5005950300,"=""05005950300""",641.16,2019-2023,2022,Census,Arkansas (State)
Census Tract,5005950400,AR,5005950400,"=""05005950400""",332.93,2019-2023,2022,Census,Arkansas (State)
Census Tract,5005950500,AR,5005950500,"=""05005950500""",22.07,2019-2023,2022,Census,Arkansas (State)
Census Tract,5005950600,AR,5005950600,"=""05005950600""",58.76,2019-2023,2022,Census,Arkansas (State)
Census Tract,5005950700,AR,5005950700,"=""05005950700""",57.86,2019-2023,2022,Census,Arkansas (State)
Census Tract,5005950801,AR,5005950801,"=""05005950801""",69.36,2019-2023,2022,Census,Arkansas (State)
Census Tract,5005950802,AR,5005950802,"=""05005950802""",42.36,2019-2023,2022,Census,Arkansas (State)
Census Tract,5005950900,AR,5005950900,"=""05005950900""",129.66,2019-2023,2022,Census,Arkansas (State)
Census Tract,5007020102,AR,5007020102,"=""05007020102""",335.64,2019-2023,2022,Census,Arkansas (State)
Census Tract,5007020103,AR,5007020103,"=""05007020103""",285.73,2019-2023,2022,Census,Arkansas (State)
Census Tract,5007020104,AR,5007020104,"=""05007020104""",64.38,2019-2023,2022,Census,Arkansas (State)
Census Tract,5007020201,AR,5007020201,"=""05007020201""",874.6,2019-2023,2022,Census,Arkansas (State)
Census Tract,5007020203,AR,5007020203,"=""05007020203""",535.32,2019-2023,2022,Census,Arkansas (State)
Census Tract,5007020205,AR,5007020205,"=""05007020205""",1071.25,2019-2023,2022,Census,Arkansas (State)
Census Tract,5007020206,AR,5007020206,"=""05007020206""",2725.61,2019-2023,2022,Census,Arkansas (State)
Census Tract,5007020301,AR,5007020301,"=""05007020301""",2424.17,2019-2023,2022,Census,Arkansas (State)
Census Tract,5007020302,AR,5007020302,"=""05007020302""",3577.55,2019-2023,2022,Census,Arkansas (State)
Census Tract,5007020304,AR,5007020304,"=""05007020304""",1916.26,2019-2023,2022,Census,Arkansas (State)
Census Tract,5007020305,AR,5007020305,"=""05007020305""",2124.35,2019-2023,2022,Census,Arkansas (State)
Census Tract,5007020401,AR,5007020401,"=""05007020401""",1934.81,2019-2023,2022,Census,Arkansas (State)
Census Tract,5007020402,AR,5007020402,"=""05007020402""",4353.12,2019-2023,2022,Census,Arkansas (State)
Census Tract,5007020404,AR,5007020404,"=""05007020404""",2679.69,2019-2023,2022,Census,Arkansas (State)
Census Tract,5007020405,AR,5007020405,"=""05007020405""",1102.73,2019-2023,2022,Census,Arkansas (State)
Census Tract,5007020501,AR,5007020501,"=""05007020501""",959.52,2019-2023,2022,Census,Arkansas (State)
Census Tract,5007020503,AR,5007020503,"=""05007020503""",1776.57,2019-2023,2022,Census,Arkansas (State)
Census Tract,5007020504,AR,5007020504,"=""05007020504""",1588.64,2019-2023,2022,Census,Arkansas (State)
Census Tract,5007020604,AR,5007020604,"=""05007020604""",1714.08,2019-2023,2022,Census,Arkansas (State)
Census Tract,5007020605,AR,5007020605,"=""05007020605""",1232.15,2019-2023,2022,Census,Arkansas (State)
Census Tract,5007020606,AR,5007020606,"=""05007020606""",1386.22,2019-2023,2022,Census,Arkansas (State)
Census Tract,5007020607,AR,5007020607,"=""05007020607""",2365.12,2019-2023,2022,Census,Arkansas (State)
Census Tract,5007020608,AR,5007020608,"=""05007020608""",4771.63,2019-2023,2022,Census,Arkansas (State)
Census Tract,5007020701,AR,5007020701,"=""05007020701""",549.75,2019-2023,2022,Census,Arkansas (State)
Census Tract,5007020703,AR,5007020703,"=""05007020703""",895.38,2019-2023,2022,Census,Arkansas (State)
Census Tract,5007020704,AR,5007020704,"=""05007020704""",363.5,2019-2023,2022,Census,Arkansas (State)
Census Tract,5007020801,AR,5007020801,"=""05007020801""",381.51,2019-2023,2022,Census,Arkansas (State)
Census Tract,5007020803,AR,5007020803,"=""05007020803""",942.28,2019-2023,2022,Census,Arkansas (State)
Census Tract,5007020805,AR,5007020805,"=""05007020805""",727,2019-2023,2022,Census,Arkansas (State)
Census Tract,5007020806,AR,5007020806,"=""05007020806""",363.09,2019-2023,2022,Census,Arkansas (State)
Census Tract,5007020903,AR,5007020903,"=""05007020903""",5329.25,2019-2023,2022,Census,Arkansas (State)
Census Tract,5007020904,AR,5007020904,"=""05007020904""",2882.65,2019-2023,2022,Census,Arkansas (State)
Census Tract,5007020905,AR,5007020905,"=""05007020905""",70.85,2019-2023,2022,Census,Arkansas (State)
Census Tract,5007020906,AR,5007020906,"=""05007020906""",218.66,2019-2023,2022,Census,Arkansas (State)
Census Tract,5007021001,AR,5007021001,"=""05007021001""",56.92,2019-2023,2022,Census,Arkansas (State)
Census Tract,5007021003,AR,5007021003,"=""05007021003""",103.74,2019-2023,2022,Census,Arkansas (State)
Census Tract,5007021004,AR,5007021004,"=""05007021004""",204.42,2019-2023,2022,Census,Arkansas (State)
Census Tract,5007021101,AR,5007021101,"=""05007021101""",903.42,2019-2023,2022,Census,Arkansas (State)
Census Tract,5007021102,AR,5007021102,"=""05007021102""",622.76,2019-2023,2022,Census,Arkansas (State)
Census Tract,5007021201,AR,5007021201,"=""05007021201""",1830.15,2019-2023,2022,Census,Arkansas (State)
Census Tract,5007021202,AR,5007021202,"=""05007021202""",1328.26,2019-2023,2022,Census,Arkansas (State)
Census Tract,5007021304,AR,5007021304,"=""05007021304""",1163.44,2019-2023,2022,Census,Arkansas (State)
Census Tract,5007021305,AR,5007021305,"=""05007021305""",108.35,2019-2023,2022,Census,Arkansas (State)
Census Tract,5007021306,AR,5007021306,"=""05007021306""",1060.47,2019-2023,2022,Census,Arkansas (State)
Census Tract,5007021308,AR,5007021308,"=""05007021308""",2004.48,2019-2023,2022,Census,Arkansas (State)
Census Tract,5007021312,AR,5007021312,"=""05007021312""",73.08,2019-2023,2022,Census,Arkansas (State)
Census Tract,5007021313,AR,5007021313,"=""05007021313""",55.34,2019-2023,2022,Census,Arkansas (State)
Census Tract,5007021314,AR,5007021314,"=""05007021314""",1966.73,2019-2023,2022,Census,Arkansas (State)
Census Tract,5007021315,AR,5007021315,"=""05007021315""",787.47,2019-2023,2022,Census,Arkansas (State)
Census Tract,5007021316,AR,5007021316,"=""05007021316""",849.19,2019-2023,2022,Census,Arkansas (State)
Census Tract,5007021317,AR,5007021317,"=""05007021317""",280.64,2019-2023,2022,Census,Arkansas (State)
Census Tract,5007021404,AR,5007021404,"=""05007021404""",143.01,2019-2023,2022,Census,Arkansas (State)
Census Tract,5007021405,AR,5007021405,"=""05007021405""",47.81,2019-2023,2022,Census,Arkansas (State)
Census Tract,5007021406,AR,5007021406,"=""05007021406""",787.02,2019-2023,2022,Census,Arkansas (State)
Census Tract,5007021407,AR,5007021407,"=""05007021407""",283.8,2019-2023,2022,Census,Arkansas (State)
Census Tract,5007021408,AR,5007021408,"=""05007021408""",433.02,2019-2023,2022,Census,Arkansas (State)
Census Tract,5007021409,AR,5007021409,"=""05007021409""",41.14,2019-2023,2022,Census,Arkansas (State)
Census Tract,5009790100,AR,5009790100,"=""05009790100""",34.63,2019-2023,2022,Census,Arkansas (State)
Census Tract,5009790200,AR,5009790200,"=""05009790200""",36.97,2019-2023,2022,Census,Arkansas (State)
Census Tract,5009790300,AR,5009790300,"=""05009790300""",56.32,2019-2023,2022,Census,Arkansas (State)
Census Tract,5009790400,AR,5009790400,"=""05009790400""",51.97,2019-2023,2022,Census,Arkansas (State)
Census Tract,5009790501,AR,5009790501,"=""05009790501""",989.93,2019-2023,2022,Census,Arkansas (State)
Census Tract,5009790502,AR,5009790502,"=""05009790502""",420.4,2019-2023,2022,Census,Arkansas (State)
Census Tract,5009790600,AR,5009790600,"=""05009790600""",835.32,2019-2023,2022,Census,Arkansas (State)
Census Tract,5011950100,AR,5011950100,"=""05011950100""",65.74,2019-2023,2022,Census,Arkansas (State)
Census Tract,5011950200,AR,5011950200,"=""05011950200""",47.29,2019-2023,2022,Census,Arkansas (State)
Census Tract,5011950300,AR,5011950300,"=""05011950300""",26.85,2019-2023,2022,Census,Arkansas (State)
Census Tract,5011950400,AR,5011950400,"=""05011950400""",52.11,2019-2023,2022,Census,Arkansas (State)
Census Tract,5011950500,AR,5011950500,"=""05011950500""",4.35,2019-2023,2022,Census,Arkansas (State)
Census Tract,5013480100,AR,5013480100,"=""05013480100""",7.87,2019-2023,2022,Census,Arkansas (State)
Census Tract,5013480200,AR,5013480200,"=""05013480200""",7.2,2019-2023,2022,Census,Arkansas (State)
Census Tract,5015950100,AR,5015950100,"=""05015950100""",146.39,2019-2023,2022,Census,Arkansas (State)
Census Tract,5015950201,AR,5015950201,"=""05015950201""",35.92,2019-2023,2022,Census,Arkansas (State)
Census Tract,5015950202,AR,5015950202,"=""05015950202""",64.02,2019-2023,2022,Census,Arkansas (State)
Census Tract,5015950301,AR,5015950301,"=""05015950301""",190.58,2019-2023,2022,Census,Arkansas (State)
Census Tract,5015950302,AR,5015950302,"=""05015950302""",219.42,2019-2023,2022,Census,Arkansas (State)
Census Tract,5015950400,AR,5015950400,"=""05015950400""",23.85,2019-2023,2022,Census,Arkansas (State)
Census Tract,5015950501,AR,5015950501,"=""05015950501""",14.16,2019-2023,2022,Census,Arkansas (State)
Census Tract,5015950502,AR,5015950502,"=""05015950502""",52.37,2019-2023,2022,Census,Arkansas (State)
Census Tract,5017080100,AR,5017080100,"=""05017080100""",5.85,2019-2023,2022,Census,Arkansas (State)
Census Tract,5017080200,AR,5017080200,"=""05017080200""",151.56,2019-2023,2022,Census,Arkansas (State)
Census Tract,5017080300,AR,5017080300,"=""05017080300""",110.3,2019-2023,2022,Census,Arkansas (State)
Census Tract,5017080400,AR,5017080400,"=""05017080400""",26.25,2019-2023,2022,Census,Arkansas (State)
Census Tract,5019953601,AR,5019953601,"=""05019953601""",2190.96,2019-2023,2022,Census,Arkansas (State)
Census Tract,5019953602,AR,5019953602,"=""05019953602""",88.08,2019-2023,2022,Census,Arkansas (State)
Census Tract,5019953700,AR,5019953700,"=""05019953700""",9.8,2019-2023,2022,Census,Arkansas (State)
Census Tract,5019953800,AR,5019953800,"=""05019953800""",215.15,2019-2023,2022,Census,Arkansas (State)
Census Tract,5019953901,AR,5019953901,"=""05019953901""",7.39,2019-2023,2022,Census,Arkansas (State)
Census Tract,5019953902,AR,5019953902,"=""05019953902""",22.49,2019-2023,2022,Census,Arkansas (State)
Census Tract,5021950100,AR,5021950100,"=""05021950100""",11.19,2019-2023,2022,Census,Arkansas (State)
Census Tract,5021950200,AR,5021950200,"=""05021950200""",9.7,2019-2023,2022,Census,Arkansas (State)
Census Tract,5021950300,AR,5021950300,"=""05021950300""",8.21,2019-2023,2022,Census,Arkansas (State)
Census Tract,5021950400,AR,5021950400,"=""05021950400""",210.72,2019-2023,2022,Census,Arkansas (State)
Census Tract,5021950500,AR,5021950500,"=""05021950500""",189.91,2019-2023,2022,Census,Arkansas (State)
Census Tract,5021950600,AR,5021950600,"=""05021950600""",256.85,2019-2023,2022,Census,Arkansas (State)
Census Tract,5023480100,AR,5023480100,"=""05023480100""",24.32,2019-2023,2022,Census,Arkansas (State)
Census Tract,5023480201,AR,5023480201,"=""05023480201""",27.86,2019-2023,2022,Census,Arkansas (State)
Census Tract,5023480203,AR,5023480203,"=""05023480203""",33.07,2019-2023,2022,Census,Arkansas (State)
Census Tract,5023480204,AR,5023480204,"=""05023480204""",17.73,2019-2023,2022,Census,Arkansas (State)
Census Tract,5023480301,AR,5023480301,"=""05023480301""",289.52,2019-2023,2022,Census,Arkansas (State)
Census Tract,5023480302,AR,5023480302,"=""05023480302""",877.31,2019-2023,2022,Census,Arkansas (State)
Census Tract,5023480400,AR,5023480400,"=""05023480400""",164.5,2019-2023,2022,Census,Arkansas (State)
Census Tract,5023480501,AR,5023480501,"=""05023480501""",35.15,2019-2023,2022,Census,Arkansas (State)
Census Tract,5023480502,AR,5023480502,"=""05023480502""",39.41,2019-2023,2022,Census,Arkansas (State)
Census Tract,5025970100,AR,5025970100,"=""05025970100""",14.75,2019-2023,2022,Census,Arkansas (State)
Census Tract,5025970200,AR,5025970200,"=""05025970200""",10.52,2019-2023,2022,Census,Arkansas (State)
Census Tract,5027950100,AR,5027950100,"=""05027950100""",14.6,2019-2023,2022,Census,Arkansas (State)
Census Tract,5027950200,AR,5027950200,"=""05027950200""",26.86,2019-2023,2022,Census,Arkansas (State)
Census Tract,5027950301,AR,5027950301,"=""05027950301""",6.04,2019-2023,2022,Census,Arkansas (State)
Census Tract,5027950302,AR,5027950302,"=""05027950302""",21.22,2019-2023,2022,Census,Arkansas (State)
Census Tract,5027950401,AR,5027950401,"=""05027950401""",2005.96,2019-2023,2022,Census,Arkansas (State)
Census Tract,5027950402,AR,5027950402,"=""05027950402""",507.9,2019-2023,2022,Census,Arkansas (State)
Census Tract,5027950500,AR,5027950500,"=""05027950500""",533.06,2019-2023,2022,Census,Arkansas (State)
Census Tract,5029950100,AR,5029950100,"=""05029950100""",22.41,2019-2023,2022,Census,Arkansas (State)
Census Tract,5029950200,AR,5029950200,"=""05029950200""",21.41,2019-2023,2022,Census,Arkansas (State)
Census Tract,5029950300,AR,5029950300,"=""05029950300""",170.29,2019-2023,2022,Census,Arkansas (State)
Census Tract,5029950400,AR,5029950400,"=""05029950400""",155.69,2019-2023,2022,Census,Arkansas (State)
Census Tract,5029950500,AR,5029950500,"=""05029950500""",43.41,2019-2023,2022,Census,Arkansas (State)
Census Tract,5029950600,AR,5029950600,"=""05029950600""",25.31,2019-2023,2022,Census,Arkansas (State)
Census Tract,5031000101,AR,5031000101,"=""05031000101""",3620.48,2019-2023,2022,Census,Arkansas (State)
Census Tract,5031000102,AR,5031000102,"=""05031000102""",1793.02,2019-2023,2022,Census,Arkansas (State)
Census Tract,5031000200,AR,5031000200,"=""05031000200""",2625,2019-2023,2022,Census,Arkansas (State)
Census Tract,5031000300,AR,5031000300,"=""05031000300""",2781.71,2019-2023,2022,Census,Arkansas (State)
Census Tract,5031000401,AR,5031000401,"=""05031000401""",283.51,2019-2023,2022,Census,Arkansas (State)
Census Tract,5031000403,AR,5031000403,"=""05031000403""",1607.19,2019-2023,2022,Census,Arkansas (State)
Census Tract,5031000404,AR,5031000404,"=""05031000404""",2912.55,2019-2023,2022,Census,Arkansas (State)
Census Tract,5031000501,AR,5031000501,"=""05031000501""",597.58,2019-2023,2022,Census,Arkansas (State)
Census Tract,5031000502,AR,5031000502,"=""05031000502""",231.7,2019-2023,2022,Census,Arkansas (State)
Census Tract,5031000601,AR,5031000601,"=""05031000601""",498.34,2019-2023,2022,Census,Arkansas (State)
Census Tract,5031000602,AR,5031000602,"=""05031000602""",3220.05,2019-2023,2022,Census,Arkansas (State)
Census Tract,5031000701,AR,5031000701,"=""05031000701""",254.06,2019-2023,2022,Census,Arkansas (State)
Census Tract,5031000702,AR,5031000702,"=""05031000702""",269.59,2019-2023,2022,Census,Arkansas (State)
Census Tract,5031000803,AR,5031000803,"=""05031000803""",822.44,2019-2023,2022,Census,Arkansas (State)
Census Tract,5031000804,AR,5031000804,"=""05031000804""",487.7,2019-2023,2022,Census,Arkansas (State)
Census Tract,5031000805,AR,5031000805,"=""05031000805""",2825.14,2019-2023,2022,Census,Arkansas (State)
Census Tract,5031000806,AR,5031000806,"=""05031000806""",176.91,2019-2023,2022,Census,Arkansas (State)
Census Tract,5031000900,AR,5031000900,"=""05031000900""",71.47,2019-2023,2022,Census,Arkansas (State)
Census Tract,5031001000,AR,5031001000,"=""05031001000""",25.37,2019-2023,2022,Census,Arkansas (State)
Census Tract,5031001101,AR,5031001101,"=""05031001101""",145.25,2019-2023,2022,Census,Arkansas (State)
Census Tract,5031001102,AR,5031001102,"=""05031001102""",65.76,2019-2023,2022,Census,Arkansas (State)
Census Tract,5031001200,AR,5031001200,"=""05031001200""",22.81,2019-2023,2022,Census,Arkansas (State)
Census Tract,5033020101,AR,5033020101,"=""05033020101""",20.22,2019-2023,2022,Census,Arkansas (State)
Census Tract,5033020102,AR,5033020102,"=""05033020102""",63.16,2019-2023,2022,Census,Arkansas (State)
Census Tract,5033020204,AR,5033020204,"=""05033020204""",232.48,2019-2023,2022,Census,Arkansas (State)
Census Tract,5033020205,AR,5033020205,"=""05033020205""",26.89,2019-2023,2022,Census,Arkansas (State)
Census Tract,5033020206,AR,5033020206,"=""05033020206""",38.6,2019-2023,2022,Census,Arkansas (State)
Census Tract,5033020207,AR,5033020207,"=""05033020207""",167.34,2019-2023,2022,Census,Arkansas (State)
Census Tract,5033020208,AR,5033020208,"=""05033020208""",2023.79,2019-2023,2022,Census,Arkansas (State)
Census Tract,5033020301,AR,5033020301,"=""05033020301""",2150.65,2019-2023,2022,Census,Arkansas (State)
Census Tract,5033020302,AR,5033020302,"=""05033020302""",646.77,2019-2023,2022,Census,Arkansas (State)
Census Tract,5033020401,AR,5033020401,"=""05033020401""",101.34,2019-2023,2022,Census,Arkansas (State)
Census Tract,5033020402,AR,5033020402,"=""05033020402""",77.15,2019-2023,2022,Census,Arkansas (State)
Census Tract,5033020501,AR,5033020501,"=""05033020501""",343.18,2019-2023,2022,Census,Arkansas (State)
Census Tract,5033020502,AR,5033020502,"=""05033020502""",1387.69,2019-2023,2022,Census,Arkansas (State)
Census Tract,5033020601,AR,5033020601,"=""05033020601""",138.19,2019-2023,2022,Census,Arkansas (State)
Census Tract,5033020602,AR,5033020602,"=""05033020602""",354.01,2019-2023,2022,Census,Arkansas (State)
Census Tract,5035030101,AR,5035030101,"=""05035030101""",3590.55,2019-2023,2022,Census,Arkansas (State)
Census Tract,5035030102,AR,5035030102,"=""05035030102""",2439.5,2019-2023,2022,Census,Arkansas (State)
Census Tract,5035030201,AR,5035030201,"=""05035030201""",2309.29,2019-2023,2022,Census,Arkansas (State)
Census Tract,5035030202,AR,5035030202,"=""05035030202""",1531.42,2019-2023,2022,Census,Arkansas (State)
Census Tract,5035030301,AR,5035030301,"=""05035030301""",977.98,2019-2023,2022,Census,Arkansas (State)
Census Tract,5035030302,AR,5035030302,"=""05035030302""",2311.16,2019-2023,2022,Census,Arkansas (State)
Census Tract,5035030503,AR,5035030503,"=""05035030503""",3114.26,2019-2023,2022,Census,Arkansas (State)
Census Tract,5035030601,AR,5035030601,"=""05035030601""",7.44,2019-2023,2022,Census,Arkansas (State)
Census Tract,5035030602,AR,5035030602,"=""05035030602""",37.31,2019-2023,2022,Census,Arkansas (State)
Census Tract,5035030701,AR,5035030701,"=""05035030701""",7.77,2019-2023,2022,Census,Arkansas (State)
Census Tract,5035030702,AR,5035030702,"=""05035030702""",50.22,2019-2023,2022,Census,Arkansas (State)
Census Tract,5035030703,AR,5035030703,"=""05035030703""",62.07,2019-2023,2022,Census,Arkansas (State)
Census Tract,5035030803,AR,5035030803,"=""05035030803""",261.04,2019-2023,2022,Census,Arkansas (State)
Census Tract,5035030804,AR,5035030804,"=""05035030804""",2476.74,2019-2023,2022,Census,Arkansas (State)
Census Tract,5035030805,AR,5035030805,"=""05035030805""",1988.67,2019-2023,2022,Census,Arkansas (State)
Census Tract,5035030806,AR,5035030806,"=""05035030806""",138.18,2019-2023,2022,Census,Arkansas (State)
Census Tract,5035030807,AR,5035030807,"=""05035030807""",19.19,2019-2023,2022,Census,Arkansas (State)
Census Tract,5035031000,AR,5035031000,"=""05035031000""",15.12,2019-2023,2022,Census,Arkansas (State)
Census Tract,5035031100,AR,5035031100,"=""05035031100""",44.96,2019-2023,2022,Census,Arkansas (State)
Census Tract,5035031200,AR,5035031200,"=""05035031200""",2827.63,2019-2023,2022,Census,Arkansas (State)
Census Tract,5037950100,AR,5037950100,"=""05037950100""",5.04,2019-2023,2022,Census,Arkansas (State)
Census Tract,5037950200,AR,5037950200,"=""05037950200""",20.12,2019-2023,2022,Census,Arkansas (State)
Census Tract,5037950300,AR,5037950300,"=""05037950300""",7.7,2019-2023,2022,Census,Arkansas (State)
Census Tract,5037950400,AR,5037950400,"=""05037950400""",36.24,2019-2023,2022,Census,Arkansas (State)
Census Tract,5037950500,AR,5037950500,"=""05037950500""",700.66,2019-2023,2022,Census,Arkansas (State)
Census Tract,5037950600,AR,5037950600,"=""05037950600""",424.34,2019-2023,2022,Census,Arkansas (State)
Census Tract,5039970100,AR,5039970100,"=""05039970100""",2.73,2019-2023,2022,Census,Arkansas (State)
Census Tract,5039970200,AR,5039970200,"=""05039970200""",6.51,2019-2023,2022,Census,Arkansas (State)
Census Tract,5039970300,AR,5039970300,"=""05039970300""",146.33,2019-2023,2022,Census,Arkansas (State)
Census Tract,5041950100,AR,5041950100,"=""05041950100""",3.01,2019-2023,2022,Census,Arkansas (State)
Census Tract,5041950200,AR,5041950200,"=""05041950200""",28.57,2019-2023,2022,Census,Arkansas (State)
Census Tract,5041950300,AR,5041950300,"=""05041950300""",32.03,2019-2023,2022,Census,Arkansas (State)
Census Tract,5041950400,AR,5041950400,"=""05041950400""",41.29,2019-2023,2022,Census,Arkansas (State)
Census Tract,5041950500,AR,5041950500,"=""05041950500""",35.72,2019-2023,2022,Census,Arkansas (State)
Census Tract,5043490100,AR,5043490100,"=""05043490100""",5.28,2019-2023,2022,Census,Arkansas (State)
Census Tract,5043490200,AR,5043490200,"=""05043490200""",58.03,2019-2023,2022,Census,Arkansas (State)
Census Tract,5043490300,AR,5043490300,"=""05043490300""",235.32,2019-2023,2022,Census,Arkansas (State)
Census Tract,5043490400,AR,5043490400,"=""05043490400""",66.67,2019-2023,2022,Census,Arkansas (State)
Census Tract,5043490500,AR,5043490500,"=""05043490500""",13.09,2019-2023,2022,Census,Arkansas (State)
Census Tract,5045030101,AR,5045030101,"=""05045030101""",53.77,2019-2023,2022,Census,Arkansas (State)
Census Tract,5045030102,AR,5045030102,"=""05045030102""",219,2019-2023,2022,Census,Arkansas (State)
Census Tract,5045030103,AR,5045030103,"=""05045030103""",160.88,2019-2023,2022,Census,Arkansas (State)
Census Tract,5045030104,AR,5045030104,"=""05045030104""",135.85,2019-2023,2022,Census,Arkansas (State)
Census Tract,5045030201,AR,5045030201,"=""05045030201""",31.56,2019-2023,2022,Census,Arkansas (State)
Census Tract,5045030202,AR,5045030202,"=""05045030202""",24.4,2019-2023,2022,Census,Arkansas (State)
Census Tract,5045030301,AR,5045030301,"=""05045030301""",231.88,2019-2023,2022,Census,Arkansas (State)
Census Tract,5045030302,AR,5045030302,"=""05045030302""",216.48,2019-2023,2022,Census,Arkansas (State)
Census Tract,5045030303,AR,5045030303,"=""05045030303""",65.72,2019-2023,2022,Census,Arkansas (State)
Census Tract,5045030401,AR,5045030401,"=""05045030401""",190.5,2019-2023,2022,Census,Arkansas (State)
Census Tract,5045030402,AR,5045030402,"=""05045030402""",214.44,2019-2023,2022,Census,Arkansas (State)
Census Tract,5045030403,AR,5045030403,"=""05045030403""",585.41,2019-2023,2022,Census,Arkansas (State)
Census Tract,5045030404,AR,5045030404,"=""05045030404""",495.92,2019-2023,2022,Census,Arkansas (State)
Census Tract,5045030502,AR,5045030502,"=""05045030502""",3107.61,2019-2023,2022,Census,Arkansas (State)
Census Tract,5045030503,AR,5045030503,"=""05045030503""",1462.06,2019-2023,2022,Census,Arkansas (State)
Census Tract,5045030504,AR,5045030504,"=""05045030504""",1129.92,2019-2023,2022,Census,Arkansas (State)
Census Tract,5045030600,AR,5045030600,"=""05045030600""",3135.78,2019-2023,2022,Census,Arkansas (State)
Census Tract,5045030701,AR,5045030701,"=""05045030701""",3954.1,2019-2023,2022,Census,Arkansas (State)
Census Tract,5045030702,AR,5045030702,"=""05045030702""",3261.34,2019-2023,2022,Census,Arkansas (State)
Census Tract,5045030800,AR,5045030800,"=""05045030800""",2934.25,2019-2023,2022,Census,Arkansas (State)
Census Tract,5045030900,AR,5045030900,"=""05045030900""",1494.32,2019-2023,2022,Census,Arkansas (State)
Census Tract,5045031001,AR,5045031001,"=""05045031001""",1683.23,2019-2023,2022,Census,Arkansas (State)
Census Tract,5045031003,AR,5045031003,"=""05045031003""",430.16,2019-2023,2022,Census,Arkansas (State)
Census Tract,5045031006,AR,5045031006,"=""05045031006""",607.46,2019-2023,2022,Census,Arkansas (State)
Census Tract,5045031007,AR,5045031007,"=""05045031007""",4743.37,2019-2023,2022,Census,Arkansas (State)
Census Tract,5045031008,AR,5045031008,"=""05045031008""",475.05,2019-2023,2022,Census,Arkansas (State)
Census Tract,5045031101,AR,5045031101,"=""05045031101""",257.48,2019-2023,2022,Census,Arkansas (State)
Census Tract,5045031102,AR,5045031102,"=""05045031102""",91.76,2019-2023,2022,Census,Arkansas (State)
Census Tract,5047950100,AR,5047950100,"=""05047950100""",10.63,2019-2023,2022,Census,Arkansas (State)
Census Tract,5047950201,AR,5047950201,"=""05047950201""",48.02,2019-2023,2022,Census,Arkansas (State)
Census Tract,5047950202,AR,5047950202,"=""05047950202""",392.56,2019-2023,2022,Census,Arkansas (State)
Census Tract,5047950301,AR,5047950301,"=""05047950301""",21.01,2019-2023,2022,Census,Arkansas (State)
Census Tract,5047950302,AR,5047950302,"=""05047950302""",87.77,2019-2023,2022,Census,Arkansas (State)
Census Tract,5049550101,AR,5049550101,"=""05049550101""",18.97,2019-2023,2022,Census,Arkansas (State)
Census Tract,5049550102,AR,5049550102,"=""05049550102""",29.56,2019-2023,2022,Census,Arkansas (State)
Census Tract,5049550201,AR,5049550201,"=""05049550201""",25.62,2019-2023,2022,Census,Arkansas (State)
Census Tract,5049550202,AR,5049550202,"=""05049550202""",14.28,2019-2023,2022,Census,Arkansas (State)
Census Tract,5051010301,AR,5051010301,"=""05051010301""",162.87,2019-2023,2022,Census,Arkansas (State)
Census Tract,5051010302,AR,5051010302,"=""05051010302""",39.05,2019-2023,2022,Census,Arkansas (State)
Census Tract,5051010401,AR,5051010401,"=""05051010401""",172.15,2019-2023,2022,Census,Arkansas (State)
Census Tract,5051010402,AR,5051010402,"=""05051010402""",72.93,2019-2023,2022,Census,Arkansas (State)
Census Tract,5051010501,AR,5051010501,"=""05051010501""",120.17,2019-2023,2022,Census,Arkansas (State)
Census Tract,5051010502,AR,5051010502,"=""05051010502""",48.49,2019-2023,2022,Census,Arkansas (State)
Census Tract,5051010601,AR,5051010601,"=""05051010601""",205.75,2019-2023,2022,Census,Arkansas (State)
Census Tract,5051010602,AR,5051010602,"=""05051010602""",1555.49,2019-2023,2022,Census,Arkansas (State)
Census Tract,5051010700,AR,5051010700,"=""05051010700""",466.59,2019-2023,2022,Census,Arkansas (State)
Census Tract,5051010800,AR,5051010800,"=""05051010800""",533.06,2019-2023,2022,Census,Arkansas (State)
Census Tract,5051010900,AR,5051010900,"=""05051010900""",684.83,2019-2023,2022,Census,Arkansas (State)
Census Tract,5051011001,AR,5051011001,"=""05051011001""",688.76,2019-2023,2022,Census,Arkansas (State)
Census Tract,5051011002,AR,5051011002,"=""05051011002""",610.78,2019-2023,2022,Census,Arkansas (State)
Census Tract,5051011101,AR,5051011101,"=""05051011101""",87.93,2019-2023,2022,Census,Arkansas (State)
Census Tract,5051011102,AR,5051011102,"=""05051011102""",78.49,2019-2023,2022,Census,Arkansas (State)
Census Tract,5051011201,AR,5051011201,"=""05051011201""",968.64,2019-2023,2022,Census,Arkansas (State)
Census Tract,5051011202,AR,5051011202,"=""05051011202""",743.55,2019-2023,2022,Census,Arkansas (State)
Census Tract,5051011300,AR,5051011300,"=""05051011300""",1315.09,2019-2023,2022,Census,Arkansas (State)
Census Tract,5051011400,AR,5051011400,"=""05051011400""",3277.12,2019-2023,2022,Census,Arkansas (State)
Census Tract,5051011500,AR,5051011500,"=""05051011500""",1892.56,2019-2023,2022,Census,Arkansas (State)
Census Tract,5051011601,AR,5051011601,"=""05051011601""",608.22,2019-2023,2022,Census,Arkansas (State)
Census Tract,5051011602,AR,5051011602,"=""05051011602""",708.77,2019-2023,2022,Census,Arkansas (State)
Census Tract,5051011701,AR,5051011701,"=""05051011701""",1378.87,2019-2023,2022,Census,Arkansas (State)
Census Tract,5051011702,AR,5051011702,"=""05051011702""",1486.28,2019-2023,2022,Census,Arkansas (State)
Census Tract,5051011801,AR,5051011801,"=""05051011801""",951.74,2019-2023,2022,Census,Arkansas (State)
Census Tract,5051011802,AR,5051011802,"=""05051011802""",1227.75,2019-2023,2022,Census,Arkansas (State)
Census Tract,5051011901,AR,5051011901,"=""05051011901""",521.75,2019-2023,2022,Census,Arkansas (State)
Census Tract,5051011902,AR,5051011902,"=""05051011902""",113.13,2019-2023,2022,Census,Arkansas (State)
Census Tract,5051012001,AR,5051012001,"=""05051012001""",21.25,2019-2023,2022,Census,Arkansas (State)
Census Tract,5051012002,AR,5051012002,"=""05051012002""",329.55,2019-2023,2022,Census,Arkansas (State)
Census Tract,5053470100,AR,5053470100,"=""05053470100""",18.68,2019-2023,2022,Census,Arkansas (State)
Census Tract,5053470200,AR,5053470200,"=""05053470200""",26.34,2019-2023,2022,Census,Arkansas (State)
Census Tract,5053470300,AR,5053470300,"=""05053470300""",16.88,2019-2023,2022,Census,Arkansas (State)
Census Tract,5053470401,AR,5053470401,"=""05053470401""",242.81,2019-2023,2022,Census,Arkansas (State)
Census Tract,5053470402,AR,5053470402,"=""05053470402""",1017.78,2019-2023,2022,Census,Arkansas (State)
Census Tract,5055480100,AR,5055480100,"=""05055480100""",22.4,2019-2023,2022,Census,Arkansas (State)
Census Tract,5055480200,AR,5055480200,"=""05055480200""",75.98,2019-2023,2022,Census,Arkansas (State)
Census Tract,5055480300,AR,5055480300,"=""05055480300""",16.4,2019-2023,2022,Census,Arkansas (State)
Census Tract,5055480401,AR,5055480401,"=""05055480401""",683.23,2019-2023,2022,Census,Arkansas (State)
Census Tract,5055480402,AR,5055480402,"=""05055480402""",3091.01,2019-2023,2022,Census,Arkansas (State)
Census Tract,5055480501,AR,5055480501,"=""05055480501""",823.93,2019-2023,2022,Census,Arkansas (State)
Census Tract,5055480502,AR,5055480502,"=""05055480502""",1244.44,2019-2023,2022,Census,Arkansas (State)
Census Tract,5055480601,AR,5055480601,"=""05055480601""",37.22,2019-2023,2022,Census,Arkansas (State)
Census Tract,5055480602,AR,5055480602,"=""05055480602""",71.02,2019-2023,2022,Census,Arkansas (State)
Census Tract,5055480700,AR,5055480700,"=""05055480700""",273.12,2019-2023,2022,Census,Arkansas (State)
Census Tract,5055480801,AR,5055480801,"=""05055480801""",1110.52,2019-2023,2022,Census,Arkansas (State)
Census Tract,5055480802,AR,5055480802,"=""05055480802""",893.31,2019-2023,2022,Census,Arkansas (State)
Census Tract,5057480101,AR,5057480101,"=""05057480101""",23.45,2019-2023,2022,Census,Arkansas (State)
Census Tract,5057480102,AR,5057480102,"=""05057480102""",11.92,2019-2023,2022,Census,Arkansas (State)
Census Tract,5057480200,AR,5057480200,"=""05057480200""",10.72,2019-2023,2022,Census,Arkansas (State)
Census Tract,5057480301,AR,5057480301,"=""05057480301""",587.2,2019-2023,2022,Census,Arkansas (State)
Census Tract,5057480302,AR,5057480302,"=""05057480302""",287.41,2019-2023,2022,Census,Arkansas (State)
Census Tract,5057480400,AR,5057480400,"=""05057480400""",18.38,2019-2023,2022,Census,Arkansas (State)
Census Tract,5057480500,AR,5057480500,"=""05057480500""",645.07,2019-2023,2022,Census,Arkansas (State)
Census Tract,5059020101,AR,5059020101,"=""05059020101""",60.89,2019-2023,2022,Census,Arkansas (State)
Census Tract,5059020102,AR,5059020102,"=""05059020102""",85.33,2019-2023,2022,Census,Arkansas (State)
Census Tract,5059020200,AR,5059020200,"=""05059020200""",477.5,2019-2023,2022,Census,Arkansas (State)
Census Tract,5059020300,AR,5059020300,"=""05059020300""",543.28,2019-2023,2022,Census,Arkansas (State)
Census Tract,5059020400,AR,5059020400,"=""05059020400""",430.93,2019-2023,2022,Census,Arkansas (State)
Census Tract,5059020500,AR,5059020500,"=""05059020500""",26.97,2019-2023,2022,Census,Arkansas (State)
Census Tract,5059020600,AR,5059020600,"=""05059020600""",31.63,2019-2023,2022,Census,Arkansas (State)
Census Tract,5059020701,AR,5059020701,"=""05059020701""",26.01,2019-2023,2022,Census,Arkansas (State)
Census Tract,5059020702,AR,5059020702,"=""05059020702""",46.06,2019-2023,2022,Census,Arkansas (State)
Census Tract,5061950100,AR,5061950100,"=""05061950100""",9.52,2019-2023,2022,Census,Arkansas (State)
Census Tract,5061950200,AR,5061950200,"=""05061950200""",28.68,2019-2023,2022,Census,Arkansas (State)
Census Tract,5061950300,AR,5061950300,"=""05061950300""",506.68,2019-2023,2022,Census,Arkansas (State)
Census Tract,5063490101,AR,5063490101,"=""05063490101""",19.36,2019-2023,2022,Census,Arkansas (State)
Census Tract,5063490102,AR,5063490102,"=""05063490102""",30.96,2019-2023,2022,Census,Arkansas (State)
Census Tract,5063490200,AR,5063490200,"=""05063490200""",156.86,2019-2023,2022,Census,Arkansas (State)
Census Tract,5063490300,AR,5063490300,"=""05063490300""",271.25,2019-2023,2022,Census,Arkansas (State)
Census Tract,5063490400,AR,5063490400,"=""05063490400""",26.28,2019-2023,2022,Census,Arkansas (State)
Census Tract,5063490500,AR,5063490500,"=""05063490500""",226.71,2019-2023,2022,Census,Arkansas (State)
Census Tract,5063490600,AR,5063490600,"=""05063490600""",314.4,2019-2023,2022,Census,Arkansas (State)
Census Tract,5063490701,AR,5063490701,"=""05063490701""",65.97,2019-2023,2022,Census,Arkansas (State)
Census Tract,5063490702,AR,5063490702,"=""05063490702""",159.81,2019-2023,2022,Census,Arkansas (State)
Census Tract,5063490800,AR,5063490800,"=""05063490800""",23.9,2019-2023,2022,Census,Arkansas (State)
Census Tract,5065960100,AR,5065960100,"=""05065960100""",36.39,2019-2023,2022,Census,Arkansas (State)
Census Tract,5065960200,AR,5065960200,"=""05065960200""",23.87,2019-2023,2022,Census,Arkansas (State)
Census Tract,5065960300,AR,5065960300,"=""05065960300""",36.86,2019-2023,2022,Census,Arkansas (State)
Census Tract,5065960400,AR,5065960400,"=""05065960400""",13.15,2019-2023,2022,Census,Arkansas (State)
Census Tract,5067480100,AR,5067480100,"=""05067480100""",16.97,2019-2023,2022,Census,Arkansas (State)
Census Tract,5067480200,AR,5067480200,"=""05067480200""",150.18,2019-2023,2022,Census,Arkansas (State)
Census Tract,5067480300,AR,5067480300,"=""05067480300""",278.78,2019-2023,2022,Census,Arkansas (State)
Census Tract,5067480401,AR,5067480401,"=""05067480401""",6.79,2019-2023,2022,Census,Arkansas (State)
Census Tract,5067480402,AR,5067480402,"=""05067480402""",32.7,2019-2023,2022,Census,Arkansas (State)
Census Tract,5067480500,AR,5067480500,"=""05067480500""",16.79,2019-2023,2022,Census,Arkansas (State)
Census Tract,5069000102,AR,5069000102,"=""05069000102""",144.11,2019-2023,2022,Census,Arkansas (State)
Census Tract,5069000301,AR,5069000301,"=""05069000301""",75.05,2019-2023,2022,Census,Arkansas (State)
Census Tract,5069000302,AR,5069000302,"=""05069000302""",384.25,2019-2023,2022,Census,Arkansas (State)
Census Tract,5069000303,AR,5069000303,"=""05069000303""",872.42,2019-2023,2022,Census,Arkansas (State)
Census Tract,5069000502,AR,5069000502,"=""05069000502""",315.11,2019-2023,2022,Census,Arkansas (State)
Census Tract,5069000900,AR,5069000900,"=""05069000900""",2238.35,2019-2023,2022,Census,Arkansas (State)
Census Tract,5069001000,AR,5069001000,"=""05069001000""",1008.2,2019-2023,2022,Census,Arkansas (State)
Census Tract,5069001200,AR,5069001200,"=""05069001200""",1367.47,2019-2023,2022,Census,Arkansas (State)
Census Tract,5069001300,AR,5069001300,"=""05069001300""",882.72,2019-2023,2022,Census,Arkansas (State)
Census Tract,5069001401,AR,5069001401,"=""05069001401""",1184.22,2019-2023,2022,Census,Arkansas (State)
Census Tract,5069001402,AR,5069001402,"=""05069001402""",1295.02,2019-2023,2022,Census,Arkansas (State)
Census Tract,5069001501,AR,5069001501,"=""05069001501""",2020.2,2019-2023,2022,Census,Arkansas (State)
Census Tract,5069001502,AR,5069001502,"=""05069001502""",1918.81,2019-2023,2022,Census,Arkansas (State)
Census Tract,5069001600,AR,5069001600,"=""05069001600""",2875.22,2019-2023,2022,Census,Arkansas (State)
Census Tract,5069001700,AR,5069001700,"=""05069001700""",1645.26,2019-2023,2022,Census,Arkansas (State)
Census Tract,5069001800,AR,5069001800,"=""05069001800""",1578.11,2019-2023,2022,Census,Arkansas (State)
Census Tract,5069001901,AR,5069001901,"=""05069001901""",21.13,2019-2023,2022,Census,Arkansas (State)
Census Tract,5069001903,AR,5069001903,"=""05069001903""",453.93,2019-2023,2022,Census,Arkansas (State)
Census Tract,5069002000,AR,5069002000,"=""05069002000""",123.23,2019-2023,2022,Census,Arkansas (State)
Census Tract,5069002103,AR,5069002103,"=""05069002103""",126.19,2019-2023,2022,Census,Arkansas (State)
Census Tract,5069002104,AR,5069002104,"=""05069002104""",75.74,2019-2023,2022,Census,Arkansas (State)
Census Tract,5069002300,AR,5069002300,"=""05069002300""",4.64,2019-2023,2022,Census,Arkansas (State)
Census Tract,5069002400,AR,5069002400,"=""05069002400""",50.7,2019-2023,2022,Census,Arkansas (State)
Census Tract,5069002500,AR,5069002500,"=""05069002500""",10.71,2019-2023,2022,Census,Arkansas (State)
Census Tract,5071951700,AR,5071951700,"=""05071951700""",11.06,2019-2023,2022,Census,Arkansas (State)
Census Tract,5071951800,AR,5071951800,"=""05071951800""",42.82,2019-2023,2022,Census,Arkansas (State)
Census Tract,5071951900,AR,5071951900,"=""05071951900""",292.17,2019-2023,2022,Census,Arkansas (State)
Census Tract,5071952000,AR,5071952000,"=""05071952000""",214.91,2019-2023,2022,Census,Arkansas (State)
Census Tract,5071952100,AR,5071952100,"=""05071952100""",243.42,2019-2023,2022,Census,Arkansas (State)
Census Tract,5071952200,AR,5071952200,"=""05071952200""",59.61,2019-2023,2022,Census,Arkansas (State)
Census Tract,5073470101,AR,5073470101,"=""05073470101""",97.98,2019-2023,2022,Census,Arkansas (State)
Census Tract,5073470102,AR,5073470102,"=""05073470102""",14.42,2019-2023,2022,Census,Arkansas (State)
Census Tract,5073470200,AR,5073470200,"=""05073470200""",6.5,2019-2023,2022,Census,Arkansas (State)
Census Tract,5075470100,AR,5075470100,"=""05075470100""",16.03,2019-2023,2022,Census,Arkansas (State)
Census Tract,5075470200,AR,5075470200,"=""05075470200""",25.65,2019-2023,2022,Census,Arkansas (State)
Census Tract,5075470300,AR,5075470300,"=""05075470300""",15.02,2019-2023,2022,Census,Arkansas (State)
Census Tract,5075470400,AR,5075470400,"=""05075470400""",7.23,2019-2023,2022,Census,Arkansas (State)
Census Tract,5075470501,AR,5075470501,"=""05075470501""",207,2019-2023,2022,Census,Arkansas (State)
Census Tract,5075470502,AR,5075470502,"=""05075470502""",568.35,2019-2023,2022,Census,Arkansas (State)
Census Tract,5077470100,AR,5077470100,"=""05077470100""",7.92,2019-2023,2022,Census,Arkansas (State)
Census Tract,5077470200,AR,5077470200,"=""05077470200""",10.51,2019-2023,2022,Census,Arkansas (State)
Census Tract,5077470300,AR,5077470300,"=""05077470300""",255.7,2019-2023,2022,Census,Arkansas (State)
Census Tract,5077470400,AR,5077470400,"=""05077470400""",7.14,2019-2023,2022,Census,Arkansas (State)
Census Tract,5079960300,AR,5079960300,"=""05079960300""",9.64,2019-2023,2022,Census,Arkansas (State)
Census Tract,5079960400,AR,5079960400,"=""05079960400""",19.37,2019-2023,2022,Census,Arkansas (State)
Census Tract,5079960500,AR,5079960500,"=""05079960500""",205,2019-2023,2022,Census,Arkansas (State)
Census Tract,5079960600,AR,5079960600,"=""05079960600""",36.94,2019-2023,2022,Census,Arkansas (State)
Census Tract,5081030101,AR,5081030101,"=""05081030101""",36.51,2019-2023,2022,Census,Arkansas (State)
Census Tract,5081030103,AR,5081030103,"=""05081030103""",19.33,2019-2023,2022,Census,Arkansas (State)
Census Tract,5081030104,AR,5081030104,"=""05081030104""",106.33,2019-2023,2022,Census,Arkansas (State)
Census Tract,5081030200,AR,5081030200,"=""05081030200""",15.85,2019-2023,2022,Census,Arkansas (State)
Census Tract,5081030301,AR,5081030301,"=""05081030301""",13.19,2019-2023,2022,Census,Arkansas (State)
Census Tract,5081030302,AR,5081030302,"=""05081030302""",17.31,2019-2023,2022,Census,Arkansas (State)
Census Tract,5083950100,AR,5083950100,"=""05083950100""",18.06,2019-2023,2022,Census,Arkansas (State)
Census Tract,5083950200,AR,5083950200,"=""05083950200""",25.71,2019-2023,2022,Census,Arkansas (State)
Census Tract,5083950300,AR,5083950300,"=""05083950300""",253.15,2019-2023,2022,Census,Arkansas (State)
Census Tract,5083950400,AR,5083950400,"=""05083950400""",25.22,2019-2023,2022,Census,Arkansas (State)
Census Tract,5083950500,AR,5083950500,"=""05083950500""",439.12,2019-2023,2022,Census,Arkansas (State)
Census Tract,5083950600,AR,5083950600,"=""05083950600""",14.74,2019-2023,2022,Census,Arkansas (State)
Census Tract,5085020102,AR,5085020102,"=""05085020102""",279.6,2019-2023,2022,Census,Arkansas (State)
Census Tract,5085020103,AR,5085020103,"=""05085020103""",370.76,2019-2023,2022,Census,Arkansas (State)
Census Tract,5085020105,AR,5085020105,"=""05085020105""",431.98,2019-2023,2022,Census,Arkansas (State)
Census Tract,5085020106,AR,5085020106,"=""05085020106""",113.36,2019-2023,2022,Census,Arkansas (State)
Census Tract,5085020107,AR,5085020107,"=""05085020107""",51.05,2019-2023,2022,Census,Arkansas (State)
Census Tract,5085020108,AR,5085020108,"=""05085020108""",254.8,2019-2023,2022,Census,Arkansas (State)
Census Tract,5085020201,AR,5085020201,"=""05085020201""",621.5,2019-2023,2022,Census,Arkansas (State)
Census Tract,5085020202,AR,5085020202,"=""05085020202""",1028.59,2019-2023,2022,Census,Arkansas (State)
Census Tract,5085020204,AR,5085020204,"=""05085020204""",527.48,2019-2023,2022,Census,Arkansas (State)
Census Tract,5085020205,AR,5085020205,"=""05085020205""",2032.66,2019-2023,2022,Census,Arkansas (State)
Census Tract,5085020206,AR,5085020206,"=""05085020206""",650.99,2019-2023,2022,Census,Arkansas (State)
Census Tract,5085020301,AR,5085020301,"=""05085020301""",191.27,2019-2023,2022,Census,Arkansas (State)
Census Tract,5085020302,AR,5085020302,"=""05085020302""",60.24,2019-2023,2022,Census,Arkansas (State)
Census Tract,5085020400,AR,5085020400,"=""05085020400""",20.63,2019-2023,2022,Census,Arkansas (State)
Census Tract,5085020500,AR,5085020500,"=""05085020500""",120.67,2019-2023,2022,Census,Arkansas (State)
Census Tract,5085020600,AR,5085020600,"=""05085020600""",10.41,2019-2023,2022,Census,Arkansas (State)
Census Tract,5085020700,AR,5085020700,"=""05085020700""",72.67,2019-2023,2022,Census,Arkansas (State)
Census Tract,5085020800,AR,5085020800,"=""05085020800""",8.36,2019-2023,2022,Census,Arkansas (State)
Census Tract,5087960100,AR,5087960100,"=""05087960100""",21.42,2019-2023,2022,Census,Arkansas (State)
Census Tract,5087960200,AR,5087960200,"=""05087960200""",132.17,2019-2023,2022,Census,Arkansas (State)
Census Tract,5087960300,AR,5087960300,"=""05087960300""",19.13,2019-2023,2022,Census,Arkansas (State)
Census Tract,5087960400,AR,5087960400,"=""05087960400""",9.61,2019-2023,2022,Census,Arkansas (State)
Census Tract,5089960100,AR,5089960100,"=""05089960100""",14.78,2019-2023,2022,Census,Arkansas (State)
Census Tract,5089960201,AR,5089960201,"=""05089960201""",37.47,2019-2023,2022,Census,Arkansas (State)
Census Tract,5089960202,AR,5089960202,"=""05089960202""",72.99,2019-2023,2022,Census,Arkansas (State)
Census Tract,5089960301,AR,5089960301,"=""05089960301""",19.84,2019-2023,2022,Census,Arkansas (State)
Census Tract,5089960302,AR,5089960302,"=""05089960302""",75.22,2019-2023,2022,Census,Arkansas (State)
Census Tract,5091020100,AR,5091020100,"=""05091020100""",2593.25,2019-2023,2022,Census,Arkansas (State)
Census Tract,5091020200,AR,5091020200,"=""05091020200""",3221.37,2019-2023,2022,Census,Arkansas (State)
Census Tract,5091020400,AR,5091020400,"=""05091020400""",1239.22,2019-2023,2022,Census,Arkansas (State)
Census Tract,5091020500,AR,5091020500,"=""05091020500""",1104.79,2019-2023,2022,Census,Arkansas (State)
Census Tract,5091020600,AR,5091020600,"=""05091020600""",1928.64,2019-2023,2022,Census,Arkansas (State)
Census Tract,5091020701,AR,5091020701,"=""05091020701""",2365.53,2019-2023,2022,Census,Arkansas (State)
Census Tract,5091020702,AR,5091020702,"=""05091020702""",1517.35,2019-2023,2022,Census,Arkansas (State)
Census Tract,5091020801,AR,5091020801,"=""05091020801""",483.73,2019-2023,2022,Census,Arkansas (State)
Census Tract,5091020802,AR,5091020802,"=""05091020802""",185.13,2019-2023,2022,Census,Arkansas (State)
Census Tract,5091020901,AR,5091020901,"=""05091020901""",11.07,2019-2023,2022,Census,Arkansas (State)
Census Tract,5091020902,AR,5091020902,"=""05091020902""",136.32,2019-2023,2022,Census,Arkansas (State)
Census Tract,5091021001,AR,5091021001,"=""05091021001""",17.98,2019-2023,2022,Census,Arkansas (State)
Census Tract,5091021002,AR,5091021002,"=""05091021002""",30.13,2019-2023,2022,Census,Arkansas (State)
Census Tract,5091980000,AR,5091980000,"=""05091980000""",66.39,2019-2023,2022,Census,Arkansas (State)
Census Tract,5093010100,AR,5093010100,"=""05093010100""",1184.86,2019-2023,2022,Census,Arkansas (State)
Census Tract,5093010200,AR,5093010200,"=""05093010200""",286.81,2019-2023,2022,Census,Arkansas (State)
Census Tract,5093010300,AR,5093010300,"=""05093010300""",402.53,2019-2023,2022,Census,Arkansas (State)
Census Tract,5093010601,AR,5093010601,"=""05093010601""",1552.79,2019-2023,2022,Census,Arkansas (State)
Census Tract,5093010602,AR,5093010602,"=""05093010602""",128.11,2019-2023,2022,Census,Arkansas (State)
Census Tract,5093010700,AR,5093010700,"=""05093010700""",16.39,2019-2023,2022,Census,Arkansas (State)
Census Tract,5093010801,AR,5093010801,"=""05093010801""",18.76,2019-2023,2022,Census,Arkansas (State)
Census Tract,5093010802,AR,5093010802,"=""05093010802""",428.1,2019-2023,2022,Census,Arkansas (State)
Census Tract,5093010900,AR,5093010900,"=""05093010900""",12.27,2019-2023,2022,Census,Arkansas (State)
Census Tract,5093011000,AR,5093011000,"=""05093011000""",373.44,2019-2023,2022,Census,Arkansas (State)
Census Tract,5093011100,AR,5093011100,"=""05093011100""",166.91,2019-2023,2022,Census,Arkansas (State)
Census Tract,5093011200,AR,5093011200,"=""05093011200""",19.02,2019-2023,2022,Census,Arkansas (State)
Census Tract,5093011300,AR,5093011300,"=""05093011300""",11.96,2019-2023,2022,Census,Arkansas (State)
Census Tract,5093011400,AR,5093011400,"=""05093011400""",141.71,2019-2023,2022,Census,Arkansas (State)
Census Tract,5095950100,AR,5095950100,"=""05095950100""",28.17,2019-2023,2022,Census,Arkansas (State)
Census Tract,5095950200,AR,5095950200,"=""05095950200""",15.01,2019-2023,2022,Census,Arkansas (State)
Census Tract,5095950300,AR,5095950300,"=""05095950300""",4.18,2019-2023,2022,Census,Arkansas (State)
Census Tract,5097953000,AR,5097953000,"=""05097953000""",21.24,2019-2023,2022,Census,Arkansas (State)
Census Tract,5097953100,AR,5097953100,"=""05097953100""",7.25,2019-2023,2022,Census,Arkansas (State)
Census Tract,5097953200,AR,5097953200,"=""05097953200""",9.52,2019-2023,2022,Census,Arkansas (State)
Census Tract,5099090100,AR,5099090100,"=""05099090100""",8.11,2019-2023,2022,Census,Arkansas (State)
Census Tract,5099090200,AR,5099090200,"=""05099090200""",30.3,2019-2023,2022,Census,Arkansas (State)
Census Tract,5099090300,AR,5099090300,"=""05099090300""",8.33,2019-2023,2022,Census,Arkansas (State)
Census Tract,5101180100,AR,5101180100,"=""05101180100""",15.89,2019-2023,2022,Census,Arkansas (State)
Census Tract,5101180200,AR,5101180200,"=""05101180200""",5.92,2019-2023,2022,Census,Arkansas (State)
Census Tract,5103950101,AR,5103950101,"=""05103950101""",68.65,2019-2023,2022,Census,Arkansas (State)
Census Tract,5103950102,AR,5103950102,"=""05103950102""",16.4,2019-2023,2022,Census,Arkansas (State)
Census Tract,5103950200,AR,5103950200,"=""05103950200""",11.26,2019-2023,2022,Census,Arkansas (State)
Census Tract,5103950301,AR,5103950301,"=""05103950301""",12.35,2019-2023,2022,Census,Arkansas (State)
Census Tract,5103950302,AR,5103950302,"=""05103950302""",19.34,2019-2023,2022,Census,Arkansas (State)
Census Tract,5103950400,AR,5103950400,"=""05103950400""",1008.28,2019-2023,2022,Census,Arkansas (State)
Census Tract,5103950500,AR,5103950500,"=""05103950500""",301.25,2019-2023,2022,Census,Arkansas (State)
Census Tract,5103950600,AR,5103950600,"=""05103950600""",235.44,2019-2023,2022,Census,Arkansas (State)
Census Tract,5105952700,AR,5105952700,"=""05105952700""",39.58,2019-2023,2022,Census,Arkansas (State)
Census Tract,5105952800,AR,5105952800,"=""05105952800""",22.29,2019-2023,2022,Census,Arkansas (State)
Census Tract,5105952900,AR,5105952900,"=""05105952900""",6.44,2019-2023,2022,Census,Arkansas (State)
Census Tract,5107480100,AR,5107480100,"=""05107480100""",68.28,2019-2023,2022,Census,Arkansas (State)
Census Tract,5107480201,AR,5107480201,"=""05107480201""",16.51,2019-2023,2022,Census,Arkansas (State)
Census Tract,5107480202,AR,5107480202,"=""05107480202""",12.92,2019-2023,2022,Census,Arkansas (State)
Census Tract,5107480300,AR,5107480300,"=""05107480300""",444.62,2019-2023,2022,Census,Arkansas (State)
Census Tract,5107480400,AR,5107480400,"=""05107480400""",181.4,2019-2023,2022,Census,Arkansas (State)
Census Tract,5107480500,AR,5107480500,"=""05107480500""",286.92,2019-2023,2022,Census,Arkansas (State)
Census Tract,5107480600,AR,5107480600,"=""05107480600""",3.54,2019-2023,2022,Census,Arkansas (State)
Census Tract,5109953300,AR,5109953300,"=""05109953300""",23.39,2019-2023,2022,Census,Arkansas (State)
Census Tract,5109953400,AR,5109953400,"=""05109953400""",10.22,2019-2023,2022,Census,Arkansas (State)
Census Tract,5109953500,AR,5109953500,"=""05109953500""",19.8,2019-2023,2022,Census,Arkansas (State)
Census Tract,5111490100,AR,5111490100,"=""05111490100""",24.17,2019-2023,2022,Census,Arkansas (State)
Census Tract,5111490200,AR,5111490200,"=""05111490200""",7.44,2019-2023,2022,Census,Arkansas (State)
Census Tract,5111490300,AR,5111490300,"=""05111490300""",306.46,2019-2023,2022,Census,Arkansas (State)
Census Tract,5111490400,AR,5111490400,"=""05111490400""",829.96,2019-2023,2022,Census,Arkansas (State)
Census Tract,5111490501,AR,5111490501,"=""05111490501""",313.08,2019-2023,2022,Census,Arkansas (State)
Census Tract,5111490502,AR,5111490502,"=""05111490502""",23.81,2019-2023,2022,Census,Arkansas (State)
Census Tract,5111490600,AR,5111490600,"=""05111490600""",5.85,2019-2023,2022,Census,Arkansas (State)
Census Tract,5111490700,AR,5111490700,"=""05111490700""",246.29,2019-2023,2022,Census,Arkansas (State)
Census Tract,5113950100,AR,5113950100,"=""05113950100""",13.95,2019-2023,2022,Census,Arkansas (State)
Census Tract,5113950201,AR,5113950201,"=""05113950201""",381.26,2019-2023,2022,Census,Arkansas (State)
Census Tract,5113950202,AR,5113950202,"=""05113950202""",24.99,2019-2023,2022,Census,Arkansas (State)
Census Tract,5113950300,AR,5113950300,"=""05113950300""",23.03,2019-2023,2022,Census,Arkansas (State)
Census Tract,5113950400,AR,5113950400,"=""05113950400""",242.71,2019-2023,2022,Census,Arkansas (State)
Census Tract,5113950500,AR,5113950500,"=""05113950500""",11.18,2019-2023,2022,Census,Arkansas (State)
Census Tract,5113950600,AR,5113950600,"=""05113950600""",18.36,2019-2023,2022,Census,Arkansas (State)
Census Tract,5115950700,AR,5115950700,"=""05115950700""",9.88,2019-2023,2022,Census,Arkansas (State)
Census Tract,5115950800,AR,5115950800,"=""05115950800""",66.22,2019-2023,2022,Census,Arkansas (State)
Census Tract,5115950901,AR,5115950901,"=""05115950901""",166.69,2019-2023,2022,Census,Arkansas (State)
Census Tract,5115950902,AR,5115950902,"=""05115950902""",137.78,2019-2023,2022,Census,Arkansas (State)
Census Tract,5115951000,AR,5115951000,"=""05115951000""",38.87,2019-2023,2022,Census,Arkansas (State)
Census Tract,5115951100,AR,5115951100,"=""05115951100""",81.44,2019-2023,2022,Census,Arkansas (State)
Census Tract,5115951201,AR,5115951201,"=""05115951201""",124.33,2019-2023,2022,Census,Arkansas (State)
Census Tract,5115951202,AR,5115951202,"=""05115951202""",95.85,2019-2023,2022,Census,Arkansas (State)
Census Tract,5115951301,AR,5115951301,"=""05115951301""",588.08,2019-2023,2022,Census,Arkansas (State)
Census Tract,5115951302,AR,5115951302,"=""05115951302""",3369.65,2019-2023,2022,Census,Arkansas (State)
Census Tract,5115951303,AR,5115951303,"=""05115951303""",667.92,2019-2023,2022,Census,Arkansas (State)
Census Tract,5115951400,AR,5115951400,"=""05115951400""",874.49,2019-2023,2022,Census,Arkansas (State)
Census Tract,5115951501,AR,5115951501,"=""05115951501""",437.89,2019-2023,2022,Census,Arkansas (State)
Census Tract,5115951503,AR,5115951503,"=""05115951503""",1892.15,2019-2023,2022,Census,Arkansas (State)
Census Tract,5115951504,AR,5115951504,"=""05115951504""",3523.85,2019-2023,2022,Census,Arkansas (State)
Census Tract,5115951601,AR,5115951601,"=""05115951601""",1425.15,2019-2023,2022,Census,Arkansas (State)
Census Tract,5115951602,AR,5115951602,"=""05115951602""",58.24,2019-2023,2022,Census,Arkansas (State)
Census Tract,5117460100,AR,5117460100,"=""05117460100""",12.4,2019-2023,2022,Census,Arkansas (State)
Census Tract,5117460200,AR,5117460200,"=""05117460200""",14.11,2019-2023,2022,Census,Arkansas (State)
Census Tract,5117460300,AR,5117460300,"=""05117460300""",10.83,2019-2023,2022,Census,Arkansas (State)
Census Tract,5119000500,AR,5119000500,"=""05119000500""",905.44,2019-2023,2022,Census,Arkansas (State)
Census Tract,5119001100,AR,5119001100,"=""05119001100""",1736.46,2019-2023,2022,Census,Arkansas (State)
Census Tract,5119001200,AR,5119001200,"=""05119001200""",1879.49,2019-2023,2022,Census,Arkansas (State)
Census Tract,5119001300,AR,5119001300,"=""05119001300""",3050.98,2019-2023,2022,Census,Arkansas (State)
Census Tract,5119001501,AR,5119001501,"=""05119001501""",3047.93,2019-2023,2022,Census,Arkansas (State)
Census Tract,5119001502,AR,5119001502,"=""05119001502""",2809.51,2019-2023,2022,Census,Arkansas (State)
Census Tract,5119001600,AR,5119001600,"=""05119001600""",2275.16,2019-2023,2022,Census,Arkansas (State)
Census Tract,5119001800,AR,5119001800,"=""05119001800""",4521.1,2019-2023,2022,Census,Arkansas (State)
Census Tract,5119001900,AR,5119001900,"=""05119001900""",2737.3,2019-2023,2022,Census,Arkansas (State)
Census Tract,5119002001,AR,5119002001,"=""05119002001""",2339.15,2019-2023,2022,Census,Arkansas (State)
Census Tract,5119002002,AR,5119002002,"=""05119002002""",875.62,2019-2023,2022,Census,Arkansas (State)
Census Tract,5119002102,AR,5119002102,"=""05119002102""",2306.86,2019-2023,2022,Census,Arkansas (State)
Census Tract,5119002103,AR,5119002103,"=""05119002103""",3151.77,2019-2023,2022,Census,Arkansas (State)
Census Tract,5119002104,AR,5119002104,"=""05119002104""",3814.44,2019-2023,2022,Census,Arkansas (State)
Census Tract,5119002203,AR,5119002203,"=""05119002203""",3241.43,2019-2023,2022,Census,Arkansas (State)
Census Tract,5119002206,AR,5119002206,"=""05119002206""",8121.42,2019-2023,2022,Census,Arkansas (State)
Census Tract,5119002208,AR,5119002208,"=""05119002208""",2528.75,2019-2023,2022,Census,Arkansas (State)
Census Tract,5119002209,AR,5119002209,"=""05119002209""",3311.7,2019-2023,2022,Census,Arkansas (State)
Census Tract,5119002210,AR,5119002210,"=""05119002210""",2366.15,2019-2023,2022,Census,Arkansas (State)
Census Tract,5119002211,AR,5119002211,"=""05119002211""",5038.96,2019-2023,2022,Census,Arkansas (State)
Census Tract,5119002403,AR,5119002403,"=""05119002403""",2046.24,2019-2023,2022,Census,Arkansas (State)
Census Tract,5119002405,AR,5119002405,"=""05119002405""",1107.09,2019-2023,2022,Census,Arkansas (State)
Census Tract,5119002406,AR,5119002406,"=""05119002406""",1355.78,2019-2023,2022,Census,Arkansas (State)
Census Tract,5119002407,AR,5119002407,"=""05119002407""",1424.42,2019-2023,2022,Census,Arkansas (State)
Census Tract,5119002409,AR,5119002409,"=""05119002409""",3260.79,2019-2023,2022,Census,Arkansas (State)
Census Tract,5119002410,AR,5119002410,"=""05119002410""",2121.17,2019-2023,2022,Census,Arkansas (State)
Census Tract,5119002500,AR,5119002500,"=""05119002500""",1182.9,2019-2023,2022,Census,Arkansas (State)
Census Tract,5119002600,AR,5119002600,"=""05119002600""",717.76,2019-2023,2022,Census,Arkansas (State)
Census Tract,5119002700,AR,5119002700,"=""05119002700""",1211.25,2019-2023,2022,Census,Arkansas (State)
Census Tract,5119002800,AR,5119002800,"=""05119002800""",488.8,2019-2023,2022,Census,Arkansas (State)
Census Tract,5119002900,AR,5119002900,"=""05119002900""",1943.55,2019-2023,2022,Census,Arkansas (State)
Census Tract,5119003001,AR,5119003001,"=""05119003001""",2852.8,2019-2023,2022,Census,Arkansas (State)
Census Tract,5119003002,AR,5119003002,"=""05119003002""",3271.07,2019-2023,2022,Census,Arkansas (State)
Census Tract,5119003100,AR,5119003100,"=""05119003100""",1188.37,2019-2023,2022,Census,Arkansas (State)
Census Tract,5119003202,AR,5119003202,"=""05119003202""",3877.2,2019-2023,2022,Census,Arkansas (State)
Census Tract,5119003207,AR,5119003207,"=""05119003207""",1939.68,2019-2023,2022,Census,Arkansas (State)
Census Tract,5119003208,AR,5119003208,"=""05119003208""",4162.99,2019-2023,2022,Census,Arkansas (State)
Census Tract,5119003303,AR,5119003303,"=""05119003303""",3191.16,2019-2023,2022,Census,Arkansas (State)
Census Tract,5119003305,AR,5119003305,"=""05119003305""",4543.88,2019-2023,2022,Census,Arkansas (State)
Census Tract,5119003306,AR,5119003306,"=""05119003306""",4158.72,2019-2023,2022,Census,Arkansas (State)
Census Tract,5119003307,AR,5119003307,"=""05119003307""",2665.09,2019-2023,2022,Census,Arkansas (State)
Census Tract,5119003308,AR,5119003308,"=""05119003308""",2752.42,2019-2023,2022,Census,Arkansas (State)
Census Tract,5119003403,AR,5119003403,"=""05119003403""",105.87,2019-2023,2022,Census,Arkansas (State)
Census Tract,5119003404,AR,5119003404,"=""05119003404""",146.08,2019-2023,2022,Census,Arkansas (State)
Census Tract,5119003405,AR,5119003405,"=""05119003405""",270.16,2019-2023,2022,Census,Arkansas (State)
Census Tract,5119003406,AR,5119003406,"=""05119003406""",416.54,2019-2023,2022,Census,Arkansas (State)
Census Tract,5119003604,AR,5119003604,"=""05119003604""",1268.85,2019-2023,2022,Census,Arkansas (State)
Census Tract,5119003605,AR,5119003605,"=""05119003605""",672.79,2019-2023,2022,Census,Arkansas (State)
Census Tract,5119003606,AR,5119003606,"=""05119003606""",735.84,2019-2023,2022,Census,Arkansas (State)
Census Tract,5119003607,AR,5119003607,"=""05119003607""",1822.63,2019-2023,2022,Census,Arkansas (State)
Census Tract,5119003608,AR,5119003608,"=""05119003608""",3053.1,2019-2023,2022,Census,Arkansas (State)
Census Tract,5119003609,AR,5119003609,"=""05119003609""",1203.32,2019-2023,2022,Census,Arkansas (State)
Census Tract,5119003703,AR,5119003703,"=""05119003703""",2350.05,2019-2023,2022,Census,Arkansas (State)
Census Tract,5119003704,AR,5119003704,"=""05119003704""",2454.53,2019-2023,2022,Census,Arkansas (State)
Census Tract,5119003707,AR,5119003707,"=""05119003707""",2028.26,2019-2023,2022,Census,Arkansas (State)
Census Tract,5119003711,AR,5119003711,"=""05119003711""",3441.29,2019-2023,2022,Census,Arkansas (State)
Census Tract,5119003712,AR,5119003712,"=""05119003712""",1972.11,2019-2023,2022,Census,Arkansas (State)
Census Tract,5119003713,AR,5119003713,"=""05119003713""",935.62,2019-2023,2022,Census,Arkansas (State)
Census Tract,5119003714,AR,5119003714,"=""05119003714""",3086.65,2019-2023,2022,Census,Arkansas (State)
Census Tract,5119003800,AR,5119003800,"=""05119003800""",208.99,2019-2023,2022,Census,Arkansas (State)
Census Tract,5119003900,AR,5119003900,"=""05119003900""",47.72,2019-2023,2022,Census,Arkansas (State)
Census Tract,5119004001,AR,5119004001,"=""05119004001""",212.1,2019-2023,2022,Census,Arkansas (State)
Census Tract,5119004004,AR,5119004004,"=""05119004004""",380.6,2019-2023,2022,Census,Arkansas (State)
Census Tract,5119004005,AR,5119004005,"=""05119004005""",81.19,2019-2023,2022,Census,Arkansas (State)
Census Tract,5119004006,AR,5119004006,"=""05119004006""",224.63,2019-2023,2022,Census,Arkansas (State)
Census Tract,5119004007,AR,5119004007,"=""05119004007""",67.72,2019-2023,2022,Census,Arkansas (State)
Census Tract,5119004103,AR,5119004103,"=""05119004103""",616.85,2019-2023,2022,Census,Arkansas (State)
Census Tract,5119004104,AR,5119004104,"=""05119004104""",594.11,2019-2023,2022,Census,Arkansas (State)
Census Tract,5119004105,AR,5119004105,"=""05119004105""",2055.75,2019-2023,2022,Census,Arkansas (State)
Census Tract,5119004106,AR,5119004106,"=""05119004106""",2590.71,2019-2023,2022,Census,Arkansas (State)
Census Tract,5119004107,AR,5119004107,"=""05119004107""",2483.43,2019-2023,2022,Census,Arkansas (State)
Census Tract,5119004108,AR,5119004108,"=""05119004108""",3614.71,2019-2023,2022,Census,Arkansas (State)
Census Tract,5119004201,AR,5119004201,"=""05119004201""",48.45,2019-2023,2022,Census,Arkansas (State)
Census Tract,5119004202,AR,5119004202,"=""05119004202""",62.62,2019-2023,2022,Census,Arkansas (State)
Census Tract,5119004205,AR,5119004205,"=""05119004205""",361.52,2019-2023,2022,Census,Arkansas (State)
Census Tract,5119004213,AR,5119004213,"=""05119004213""",658.56,2019-2023,2022,Census,Arkansas (State)
Census Tract,5119004214,AR,5119004214,"=""05119004214""",4165.84,2019-2023,2022,Census,Arkansas (State)
Census Tract,5119004215,AR,5119004215,"=""05119004215""",2413.66,2019-2023,2022,Census,Arkansas (State)
Census Tract,5119004218,AR,5119004218,"=""05119004218""",2756.25,2019-2023,2022,Census,Arkansas (State)
Census Tract,5119004219,AR,5119004219,"=""05119004219""",2396.34,2019-2023,2022,Census,Arkansas (State)
Census Tract,5119004220,AR,5119004220,"=""05119004220""",2819.45,2019-2023,2022,Census,Arkansas (State)
Census Tract,5119004222,AR,5119004222,"=""05119004222""",2949.33,2019-2023,2022,Census,Arkansas (State)
Census Tract,5119004223,AR,5119004223,"=""05119004223""",2951.68,2019-2023,2022,Census,Arkansas (State)
Census Tract,5119004224,AR,5119004224,"=""05119004224""",1430.08,2019-2023,2022,Census,Arkansas (State)
Census Tract,5119004225,AR,5119004225,"=""05119004225""",230.1,2019-2023,2022,Census,Arkansas (State)
Census Tract,5119004226,AR,5119004226,"=""05119004226""",558.64,2019-2023,2022,Census,Arkansas (State)
Census Tract,5119004227,AR,5119004227,"=""05119004227""",95.13,2019-2023,2022,Census,Arkansas (State)
Census Tract,5119004228,AR,5119004228,"=""05119004228""",1491.45,2019-2023,2022,Census,Arkansas (State)
Census Tract,5119004229,AR,5119004229,"=""05119004229""",1846.4,2019-2023,2022,Census,Arkansas (State)
Census Tract,5119004302,AR,5119004302,"=""05119004302""",91.29,2019-2023,2022,Census,Arkansas (State)
Census Tract,5119004306,AR,5119004306,"=""05119004306""",3147.81,2019-2023,2022,Census,Arkansas (State)
Census Tract,5119004307,AR,5119004307,"=""05119004307""",628.29,2019-2023,2022,Census,Arkansas (State)
Census Tract,5119004308,AR,5119004308,"=""05119004308""",2526.93,2019-2023,2022,Census,Arkansas (State)
Census Tract,5119004309,AR,5119004309,"=""05119004309""",488.53,2019-2023,2022,Census,Arkansas (State)
Census Tract,5119004310,AR,5119004310,"=""05119004310""",590.64,2019-2023,2022,Census,Arkansas (State)
Census Tract,5119004311,AR,5119004311,"=""05119004311""",1028.1,2019-2023,2022,Census,Arkansas (State)
Census Tract,5119004400,AR,5119004400,"=""05119004400""",1652.01,2019-2023,2022,Census,Arkansas (State)
Census Tract,5119004500,AR,5119004500,"=""05119004500""",1982.84,2019-2023,2022,Census,Arkansas (State)
Census Tract,5119004600,AR,5119004600,"=""05119004600""",1589.35,2019-2023,2022,Census,Arkansas (State)
Census Tract,5119004700,AR,5119004700,"=""05119004700""",4333.51,2019-2023,2022,Census,Arkansas (State)
Census Tract,5119004801,AR,5119004801,"=""05119004801""",4203.63,2019-2023,2022,Census,Arkansas (State)
Census Tract,5119004901,AR,5119004901,"=""05119004901""",3683.92,2019-2023,2022,Census,Arkansas (State)
Census Tract,5119004902,AR,5119004902,"=""05119004902""",1558.73,2019-2023,2022,Census,Arkansas (State)
Census Tract,5119980100,AR,5119980100,"=""05119980100""",0,2019-2023,2022,Census,Arkansas (State)
Census Tract,5119980200,AR,5119980200,"=""05119980200""",700.56,2019-2023,2022,Census,Arkansas (State)
Census Tract,5119980300,AR,5119980300,"=""05119980300""",322.48,2019-2023,2022,Census,Arkansas (State)
Census Tract,5119980400,AR,5119980400,"=""05119980400""",97.61,2019-2023,2022,Census,Arkansas (State)
Census Tract,5121960100,AR,5121960100,"=""05121960100""",17.16,2019-2023,2022,Census,Arkansas (State)
Census Tract,5121960201,AR,5121960201,"=""05121960201""",10.11,2019-2023,2022,Census,Arkansas (State)
Census Tract,5121960202,AR,5121960202,"=""05121960202""",23.31,2019-2023,2022,Census,Arkansas (State)
Census Tract,5121960301,AR,5121960301,"=""05121960301""",395.83,2019-2023,2022,Census,Arkansas (State)
Census Tract,5121960302,AR,5121960302,"=""05121960302""",331.75,2019-2023,2022,Census,Arkansas (State)
Census Tract,5123960100,AR,5123960100,"=""05123960100""",8.73,2019-2023,2022,Census,Arkansas (State)
Census Tract,5123960201,AR,5123960201,"=""05123960201""",38.88,2019-2023,2022,Census,Arkansas (State)
Census Tract,5123960202,AR,5123960202,"=""05123960202""",22.18,2019-2023,2022,Census,Arkansas (State)
Census Tract,5123960300,AR,5123960300,"=""05123960300""",12.25,2019-2023,2022,Census,Arkansas (State)
Census Tract,5123960400,AR,5123960400,"=""05123960400""",483.04,2019-2023,2022,Census,Arkansas (State)
Census Tract,5123960500,AR,5123960500,"=""05123960500""",499.22,2019-2023,2022,Census,Arkansas (State)
Census Tract,5123960600,AR,5123960600,"=""05123960600""",396.54,2019-2023,2022,Census,Arkansas (State)
Census Tract,5125010101,AR,5125010101,"=""05125010101""",2007.86,2019-2023,2022,Census,Arkansas (State)
Census Tract,5125010104,AR,5125010104,"=""05125010104""",2417.98,2019-2023,2022,Census,Arkansas (State)
Census Tract,5125010105,AR,5125010105,"=""05125010105""",2257.33,2019-2023,2022,Census,Arkansas (State)
Census Tract,5125010106,AR,5125010106,"=""05125010106""",581.45,2019-2023,2022,Census,Arkansas (State)
Census Tract,5125010107,AR,5125010107,"=""05125010107""",1237.98,2019-2023,2022,Census,Arkansas (State)
Census Tract,5125010301,AR,5125010301,"=""05125010301""",1491.45,2019-2023,2022,Census,Arkansas (State)
Census Tract,5125010302,AR,5125010302,"=""05125010302""",1022.74,2019-2023,2022,Census,Arkansas (State)
Census Tract,5125010303,AR,5125010303,"=""05125010303""",1128.17,2019-2023,2022,Census,Arkansas (State)
Census Tract,5125010405,AR,5125010405,"=""05125010405""",156.72,2019-2023,2022,Census,Arkansas (State)
Census Tract,5125010406,AR,5125010406,"=""05125010406""",249.31,2019-2023,2022,Census,Arkansas (State)
Census Tract,5125010407,AR,5125010407,"=""05125010407""",92.38,2019-2023,2022,Census,Arkansas (State)
Census Tract,5125010408,AR,5125010408,"=""05125010408""",662.58,2019-2023,2022,Census,Arkansas (State)
Census Tract,5125010409,AR,5125010409,"=""05125010409""",365.43,2019-2023,2022,Census,Arkansas (State)
Census Tract,5125010410,AR,5125010410,"=""05125010410""",275.12,2019-2023,2022,Census,Arkansas (State)
Census Tract,5125010411,AR,5125010411,"=""05125010411""",1579.27,2019-2023,2022,Census,Arkansas (State)
Census Tract,5125010507,AR,5125010507,"=""05125010507""",30.69,2019-2023,2022,Census,Arkansas (State)
Census Tract,5125010508,AR,5125010508,"=""05125010508""",59.46,2019-2023,2022,Census,Arkansas (State)
Census Tract,5125010509,AR,5125010509,"=""05125010509""",492.33,2019-2023,2022,Census,Arkansas (State)
Census Tract,5125010511,AR,5125010511,"=""05125010511""",427.54,2019-2023,2022,Census,Arkansas (State)
Census Tract,5125010512,AR,5125010512,"=""05125010512""",200.68,2019-2023,2022,Census,Arkansas (State)
Census Tract,5125010513,AR,5125010513,"=""05125010513""",104.79,2019-2023,2022,Census,Arkansas (State)
Census Tract,5125010514,AR,5125010514,"=""05125010514""",143.68,2019-2023,2022,Census,Arkansas (State)
Census Tract,5125010515,AR,5125010515,"=""05125010515""",598.28,2019-2023,2022,Census,Arkansas (State)
Census Tract,5125010516,AR,5125010516,"=""05125010516""",189.65,2019-2023,2022,Census,Arkansas (State)
Census Tract,5125010517,AR,5125010517,"=""05125010517""",15.81,2019-2023,2022,Census,Arkansas (State)
Census Tract,5125010518,AR,5125010518,"=""05125010518""",2618.12,2019-2023,2022,Census,Arkansas (State)
Census Tract,5125010519,AR,5125010519,"=""05125010519""",1359.83,2019-2023,2022,Census,Arkansas (State)
Census Tract,5125010520,AR,5125010520,"=""05125010520""",1373.33,2019-2023,2022,Census,Arkansas (State)
Census Tract,5125010601,AR,5125010601,"=""05125010601""",887.9,2019-2023,2022,Census,Arkansas (State)
Census Tract,5125010602,AR,5125010602,"=""05125010602""",121.78,2019-2023,2022,Census,Arkansas (State)
Census Tract,5127950100,AR,5127950100,"=""05127950100""",8.65,2019-2023,2022,Census,Arkansas (State)
Census Tract,5127950200,AR,5127950200,"=""05127950200""",233.93,2019-2023,2022,Census,Arkansas (State)
Census Tract,5127950300,AR,5127950300,"=""05127950300""",4.85,2019-2023,2022,Census,Arkansas (State)
Census Tract,5129970100,AR,5129970100,"=""05129970100""",7.08,2019-2023,2022,Census,Arkansas (State)
Census Tract,5129970200,AR,5129970200,"=""05129970200""",23,2019-2023,2022,Census,Arkansas (State)
Census Tract,5129970300,AR,5129970300,"=""05129970300""",10.43,2019-2023,2022,Census,Arkansas (State)
Census Tract,5131000100,AR,5131000100,"=""05131000100""",2526.32,2019-2023,2022,Census,Arkansas (State)
Census Tract,5131000200,AR,5131000200,"=""05131000200""",918.68,2019-2023,2022,Census,Arkansas (State)
Census Tract,5131000300,AR,5131000300,"=""05131000300""",980.45,2019-2023,2022,Census,Arkansas (State)
Census Tract,5131000400,AR,5131000400,"=""05131000400""",3618.31,2019-2023,2022,Census,Arkansas (State)
Census Tract,5131000501,AR,5131000501,"=""05131000501""",5408.35,2019-2023,2022,Census,Arkansas (State)
Census Tract,5131000502,AR,5131000502,"=""05131000502""",2287.99,2019-2023,2022,Census,Arkansas (State)
Census Tract,5131000600,AR,5131000600,"=""05131000600""",1048.79,2019-2023,2022,Census,Arkansas (State)
Census Tract,5131000700,AR,5131000700,"=""05131000700""",3503.55,2019-2023,2022,Census,Arkansas (State)
Census Tract,5131000800,AR,5131000800,"=""05131000800""",4373.11,2019-2023,2022,Census,Arkansas (State)
Census Tract,5131001001,AR,5131001001,"=""05131001001""",3308.85,2019-2023,2022,Census,Arkansas (State)
Census Tract,5131001002,AR,5131001002,"=""05131001002""",2591.34,2019-2023,2022,Census,Arkansas (State)
Census Tract,5131001101,AR,5131001101,"=""05131001101""",1853.13,2019-2023,2022,Census,Arkansas (State)
Census Tract,5131001102,AR,5131001102,"=""05131001102""",696.41,2019-2023,2022,Census,Arkansas (State)
Census Tract,5131001201,AR,5131001201,"=""05131001201""",2383.73,2019-2023,2022,Census,Arkansas (State)
Census Tract,5131001202,AR,5131001202,"=""05131001202""",1618,2019-2023,2022,Census,Arkansas (State)
Census Tract,5131001301,AR,5131001301,"=""05131001301""",1238.93,2019-2023,2022,Census,Arkansas (State)
Census Tract,5131001305,AR,5131001305,"=""05131001305""",1723.04,2019-2023,2022,Census,Arkansas (State)
Census Tract,5131001306,AR,5131001306,"=""05131001306""",794.83,2019-2023,2022,Census,Arkansas (State)
Census Tract,5131001307,AR,5131001307,"=""05131001307""",356.67,2019-2023,2022,Census,Arkansas (State)
Census Tract,5131001308,AR,5131001308,"=""05131001308""",679.44,2019-2023,2022,Census,Arkansas (State)
Census Tract,5131001309,AR,5131001309,"=""05131001309""",848.76,2019-2023,2022,Census,Arkansas (State)
Census Tract,5131001310,AR,5131001310,"=""05131001310""",2258.49,2019-2023,2022,Census,Arkansas (State)
Census Tract,5131001311,AR,5131001311,"=""05131001311""",847.68,2019-2023,2022,Census,Arkansas (State)
Census Tract,5131001312,AR,5131001312,"=""05131001312""",2965.63,2019-2023,2022,Census,Arkansas (State)
Census Tract,5131010101,AR,5131010101,"=""05131010101""",96.32,2019-2023,2022,Census,Arkansas (State)
Census Tract,5131010102,AR,5131010102,"=""05131010102""",44.94,2019-2023,2022,Census,Arkansas (State)
Census Tract,5131010201,AR,5131010201,"=""05131010201""",108.58,2019-2023,2022,Census,Arkansas (State)
Census Tract,5131010202,AR,5131010202,"=""05131010202""",374.96,2019-2023,2022,Census,Arkansas (State)
Census Tract,5131010301,AR,5131010301,"=""05131010301""",134.99,2019-2023,2022,Census,Arkansas (State)
Census Tract,5131010303,AR,5131010303,"=""05131010303""",35.62,2019-2023,2022,Census,Arkansas (State)
Census Tract,5131010304,AR,5131010304,"=""05131010304""",40.89,2019-2023,2022,Census,Arkansas (State)
Census Tract,5133080100,AR,5133080100,"=""05133080100""",15.23,2019-2023,2022,Census,Arkansas (State)
Census Tract,5133080200,AR,5133080200,"=""05133080200""",23.88,2019-2023,2022,Census,Arkansas (State)
Census Tract,5133080300,AR,5133080300,"=""05133080300""",799.02,2019-2023,2022,Census,Arkansas (State)
Census Tract,5133080400,AR,5133080400,"=""05133080400""",15.89,2019-2023,2022,Census,Arkansas (State)
Census Tract,5135470100,AR,5135470100,"=""05135470100""",17.35,2019-2023,2022,Census,Arkansas (State)
Census Tract,5135470201,AR,5135470201,"=""05135470201""",109.11,2019-2023,2022,Census,Arkansas (State)
Census Tract,5135470202,AR,5135470202,"=""05135470202""",299.52,2019-2023,2022,Census,Arkansas (State)
Census Tract,5135470300,AR,5135470300,"=""05135470300""",16.81,2019-2023,2022,Census,Arkansas (State)
Census Tract,5135470401,AR,5135470401,"=""05135470401""",21.43,2019-2023,2022,Census,Arkansas (State)
Census Tract,5135470402,AR,5135470402,"=""05135470402""",34.47,2019-2023,2022,Census,Arkansas (State)
Census Tract,5137950100,AR,5137950100,"=""05137950100""",14.24,2019-2023,2022,Census,Arkansas (State)
Census Tract,5137950201,AR,5137950201,"=""05137950201""",12.14,2019-2023,2022,Census,Arkansas (State)
Census Tract,5137950203,AR,5137950203,"=""05137950203""",25.04,2019-2023,2022,Census,Arkansas (State)
Census Tract,5137950204,AR,5137950204,"=""05137950204""",64.35,2019-2023,2022,Census,Arkansas (State)
Census Tract,5139950100,AR,5139950100,"=""05139950100""",9.97,2019-2023,2022,Census,Arkansas (State)
Census Tract,5139950200,AR,5139950200,"=""05139950200""",32.48,2019-2023,2022,Census,Arkansas (State)
Census Tract,5139950300,AR,5139950300,"=""05139950300""",85.38,2019-2023,2022,Census,Arkansas (State)
Census Tract,5139950401,AR,5139950401,"=""05139950401""",12.3,2019-2023,2022,Census,Arkansas (State)
Census Tract,5139950402,AR,5139950402,"=""05139950402""",18.06,2019-2023,2022,Census,Arkansas (State)
Census Tract,5139950501,AR,5139950501,"=""05139950501""",39.59,2019-2023,2022,Census,Arkansas (State)
Census Tract,5139950502,AR,5139950502,"=""05139950502""",17.77,2019-2023,2022,Census,Arkansas (State)
Census Tract,5139950600,AR,5139950600,"=""05139950600""",441.73,2019-2023,2022,Census,Arkansas (State)
Census Tract,5139950700,AR,5139950700,"=""05139950700""",1113.8,2019-2023,2022,Census,Arkansas (State)
Census Tract,5139950800,AR,5139950800,"=""05139950800""",554.78,2019-2023,2022,Census,Arkansas (State)
Census Tract,5139950900,AR,5139950900,"=""05139950900""",635.12,2019-2023,2022,Census,Arkansas (State)
Census Tract,5139951000,AR,5139951000,"=""05139951000""",894.56,2019-2023,2022,Census,Arkansas (State)
Census Tract,5141460100,AR,5141460100,"=""05141460100""",17.94,2019-2023,2022,Census,Arkansas (State)
Census Tract,5141460200,AR,5141460200,"=""05141460200""",12.7,2019-2023,2022,Census,Arkansas (State)
Census Tract,5141460301,AR,5141460301,"=""05141460301""",44.16,2019-2023,2022,Census,Arkansas (State)
Census Tract,5141460303,AR,5141460303,"=""05141460303""",127.7,2019-2023,2022,Census,Arkansas (State)
Census Tract,5141460304,AR,5141460304,"=""05141460304""",61.3,2019-2023,2022,Census,Arkansas (State)
Census Tract,5141460400,AR,5141460400,"=""05141460400""",23.64,2019-2023,2022,Census,Arkansas (State)
Census Tract,5143010101,AR,5143010101,"=""05143010101""",130.87,2019-2023,2022,Census,Arkansas (State)
Census Tract,5143010107,AR,5143010107,"=""05143010107""",2630.45,2019-2023,2022,Census,Arkansas (State)
Census Tract,5143010108,AR,5143010108,"=""05143010108""",466.88,2019-2023,2022,Census,Arkansas (State)
Census Tract,5143010109,AR,5143010109,"=""05143010109""",99.35,2019-2023,2022,Census,Arkansas (State)
Census Tract,5143010110,AR,5143010110,"=""05143010110""",1879.63,2019-2023,2022,Census,Arkansas (State)
Census Tract,5143010111,AR,5143010111,"=""05143010111""",2767.22,2019-2023,2022,Census,Arkansas (State)
Census Tract,5143010112,AR,5143010112,"=""05143010112""",53.17,2019-2023,2022,Census,Arkansas (State)
Census Tract,5143010113,AR,5143010113,"=""05143010113""",479.48,2019-2023,2022,Census,Arkansas (State)
Census Tract,5143010114,AR,5143010114,"=""05143010114""",1832.9,2019-2023,2022,Census,Arkansas (State)
Census Tract,5143010115,AR,5143010115,"=""05143010115""",2778.59,2019-2023,2022,Census,Arkansas (State)
Census Tract,5143010201,AR,5143010201,"=""05143010201""",3227.34,2019-2023,2022,Census,Arkansas (State)
Census Tract,5143010202,AR,5143010202,"=""05143010202""",1329.6,2019-2023,2022,Census,Arkansas (State)
Census Tract,5143010303,AR,5143010303,"=""05143010303""",3586.54,2019-2023,2022,Census,Arkansas (State)
Census Tract,5143010304,AR,5143010304,"=""05143010304""",3673.07,2019-2023,2022,Census,Arkansas (State)
Census Tract,5143010305,AR,5143010305,"=""05143010305""",2750.85,2019-2023,2022,Census,Arkansas (State)
Census Tract,5143010306,AR,5143010306,"=""05143010306""",7356.84,2019-2023,2022,Census,Arkansas (State)
Census Tract,5143010307,AR,5143010307,"=""05143010307""",3378.51,2019-2023,2022,Census,Arkansas (State)
Census Tract,5143010401,AR,5143010401,"=""05143010401""",3385.07,2019-2023,2022,Census,Arkansas (State)
Census Tract,5143010402,AR,5143010402,"=""05143010402""",4800.26,2019-2023,2022,Census,Arkansas (State)
Census Tract,5143010404,AR,5143010404,"=""05143010404""",1779.14,2019-2023,2022,Census,Arkansas (State)
Census Tract,5143010405,AR,5143010405,"=""05143010405""",2473.08,2019-2023,2022,Census,Arkansas (State)
Census Tract,5143010501,AR,5143010501,"=""05143010501""",192.57,2019-2023,2022,Census,Arkansas (State)
Census Tract,5143010508,AR,5143010508,"=""05143010508""",478.98,2019-2023,2022,Census,Arkansas (State)
Census Tract,5143010510,AR,5143010510,"=""05143010510""",2607.47,2019-2023,2022,Census,Arkansas (State)
Census Tract,5143010511,AR,5143010511,"=""05143010511""",790.61,2019-2023,2022,Census,Arkansas (State)
Census Tract,5143010512,AR,5143010512,"=""05143010512""",1544.61,2019-2023,2022,Census,Arkansas (State)
Census Tract,5143010513,AR,5143010513,"=""05143010513""",42.25,2019-2023,2022,Census,Arkansas (State)
Census Tract,5143010514,AR,5143010514,"=""05143010514""",74.6,2019-2023,2022,Census,Arkansas (State)
Census Tract,5143010515,AR,5143010515,"=""05143010515""",328.13,2019-2023,2022,Census,Arkansas (State)
Census Tract,5143010516,AR,5143010516,"=""05143010516""",3998.82,2019-2023,2022,Census,Arkansas (State)
Census Tract,5143010517,AR,5143010517,"=""05143010517""",1439.99,2019-2023,2022,Census,Arkansas (State)
Census Tract,5143010518,AR,5143010518,"=""05143010518""",1684.74,2019-2023,2022,Census,Arkansas (State)
Census Tract,5143010519,AR,5143010519,"=""05143010519""",993.25,2019-2023,2022,Census,Arkansas (State)
Census Tract,5143010520,AR,5143010520,"=""05143010520""",2203.15,2019-2023,2022,Census,Arkansas (State)
Census Tract,5143010521,AR,5143010521,"=""05143010521""",1691.61,2019-2023,2022,Census,Arkansas (State)
Census Tract,5143010601,AR,5143010601,"=""05143010601""",1689.77,2019-2023,2022,Census,Arkansas (State)
Census Tract,5143010602,AR,5143010602,"=""05143010602""",2395.12,2019-2023,2022,Census,Arkansas (State)
Census Tract,5143010703,AR,5143010703,"=""05143010703""",2483.38,2019-2023,2022,Census,Arkansas (State)
Census Tract,5143010704,AR,5143010704,"=""05143010704""",11446.62,2019-2023,2022,Census,Arkansas (State)
Census Tract,5143010705,AR,5143010705,"=""05143010705""",3273.87,2019-2023,2022,Census,Arkansas (State)
Census Tract,5143010706,AR,5143010706,"=""05143010706""",2310.01,2019-2023,2022,Census,Arkansas (State)
Census Tract,5143011002,AR,5143011002,"=""05143011002""",86.08,2019-2023,2022,Census,Arkansas (State)
Census Tract,5143011003,AR,5143011003,"=""05143011003""",86.12,2019-2023,2022,Census,Arkansas (State)
Census Tract,5143011004,AR,5143011004,"=""05143011004""",25.49,2019-2023,2022,Census,Arkansas (State)
Census Tract,5143011005,AR,5143011005,"=""05143011005""",219.23,2019-2023,2022,Census,Arkansas (State)
Census Tract,5143011006,AR,5143011006,"=""05143011006""",315.07,2019-2023,2022,Census,Arkansas (State)
Census Tract,5143011103,AR,5143011103,"=""05143011103""",31.65,2019-2023,2022,Census,Arkansas (State)
Census Tract,5143011104,AR,5143011104,"=""05143011104""",3673.62,2019-2023,2022,Census,Arkansas (State)
Census Tract,5143011105,AR,5143011105,"=""05143011105""",832.67,2019-2023,2022,Census,Arkansas (State)
Census Tract,5143011106,AR,5143011106,"=""05143011106""",255.74,2019-2023,2022,Census,Arkansas (State)
Census Tract,5143011107,AR,5143011107,"=""05143011107""",172.62,2019-2023,2022,Census,Arkansas (State)
Census Tract,5143011200,AR,5143011200,"=""05143011200""",3466.49,2019-2023,2022,Census,Arkansas (State)
Census Tract,5143011301,AR,5143011301,"=""05143011301""",9968.1,2019-2023,2022,Census,Arkansas (State)
Census Tract,5143011302,AR,5143011302,"=""05143011302""",4847.62,2019-2023,2022,Census,Arkansas (State)
Census Tract,5145070100,AR,5145070100,"=""05145070100""",24.68,2019-2023,2022,Census,Arkansas (State)
Census Tract,5145070200,AR,5145070200,"=""05145070200""",40.67,2019-2023,2022,Census,Arkansas (State)
Census Tract,5145070300,AR,5145070300,"=""05145070300""",34.71,2019-2023,2022,Census,Arkansas (State)
Census Tract,5145070401,AR,5145070401,"=""05145070401""",338.2,2019-2023,2022,Census,Arkansas (State)
Census Tract,5145070402,AR,5145070402,"=""05145070402""",439.23,2019-2023,2022,Census,Arkansas (State)
Census Tract,5145070501,AR,5145070501,"=""05145070501""",99.88,2019-2023,2022,Census,Arkansas (State)
Census Tract,5145070502,AR,5145070502,"=""05145070502""",220.99,2019-2023,2022,Census,Arkansas (State)
Census Tract,5145070600,AR,5145070600,"=""05145070600""",38.28,2019-2023,2022,Census,Arkansas (State)
Census Tract,5145070700,AR,5145070700,"=""05145070700""",762.04,2019-2023,2022,Census,Arkansas (State)
Census Tract,5145070801,AR,5145070801,"=""05145070801""",3538.61,2019-2023,2022,Census,Arkansas (State)
Census Tract,5145070802,AR,5145070802,"=""05145070802""",828.85,2019-2023,2022,Census,Arkansas (State)
Census Tract,5145070901,AR,5145070901,"=""05145070901""",1306.1,2019-2023,2022,Census,Arkansas (State)
Census Tract,5145070902,AR,5145070902,"=""05145070902""",272.58,2019-2023,2022,Census,Arkansas (State)
Census Tract,5145071001,AR,5145071001,"=""05145071001""",51.15,2019-2023,2022,Census,Arkansas (State)
Census Tract,5145071002,AR,5145071002,"=""05145071002""",36.93,2019-2023,2022,Census,Arkansas (State)
Census Tract,5145071101,AR,5145071101,"=""05145071101""",31,2019-2023,2022,Census,Arkansas (State)
Census Tract,5145071102,AR,5145071102,"=""05145071102""",36.44,2019-2023,2022,Census,Arkansas (State)
Census Tract,5145071201,AR,5145071201,"=""05145071201""",256.68,2019-2023,2022,Census,Arkansas (State)
Census Tract,5145071202,AR,5145071202,"=""05145071202""",199.52,2019-2023,2022,Census,Arkansas (State)
Census Tract,5147490100,AR,5147490100,"=""05147490100""",10.98,2019-2023,2022,Census,Arkansas (State)
Census Tract,5147490200,AR,5147490200,"=""05147490200""",9.79,2019-2023,2022,Census,Arkansas (State)
Census Tract,5149952301,AR,5149952301,"=""05149952301""",63.18,2019-2023,2022,Census,Arkansas (State)
Census Tract,5149952302,AR,5149952302,"=""05149952302""",399.69,2019-2023,2022,Census,Arkansas (State)
Census Tract,5149952401,AR,5149952401,"=""05149952401""",31.57,2019-2023,2022,Census,Arkansas (State)
Census Tract,5149952402,AR,5149952402,"=""05149952402""",29.37,2019-2023,2022,Census,Arkansas (State)
Census Tract,5149952500,AR,5149952500,"=""05149952500""",23.01,2019-2023,2022,Census,Arkansas (State)
Census Tract,5149952600,AR,5149952600,"=""05149952600""",5.61,2019-2023,2022,Census,Arkansas (State)
