ci,mcc,mnc,tac,lat,lon,range
92403215,310,410,33795,36.918923,-113.865481,1114.0
92403215,310,410,33795,36.918923,-113.865481,1114.0
116537772,310,410,39177,37.046857,-113.586546,4991.0
116537616,310,410,39177,36.976625,-113.675427,2892.0
116537105,310,410,39177,36.982024,-113.666405,5115.0
116537361,310,410,39177,36.98111,-113.658128,9138.0
116537529,310,410,39177,37.013754,-113.566197,6348.0
116537784,310,410,39177,37.036579,-113.597738,5885.0
116569360,310,410,39177,36.966141,-113.740471,11698.0
116568841,310,410,39177,36.875858,-113.954575,1000.0
116569616,310,410,39177,36.901993,-113.923824,2150.0
116537098,310,410,39177,37.011317,-113.615463,1354.0
116536587,310,410,39177,-1.0,-1.0,-1.0
116537096,310,410,39177,-1.0,-1.0,-1.0
116537609,310,410,39177,37.007962,-113.6219,11749.0
116537610,310,410,39177,37.092924,-113.586251,6933.0
115206409,310,410,39177,37.077713,-113.582794,1000.0
115206408,310,410,39177,-1.0,-1.0,-1.0
116551952,310,410,39177,37.087375,-113.572276,8442.0
116551944,310,410,39177,37.093056,-113.580973,3983.0
116570121,310,410,39177,37.099701,-113.566516,5104.0
116570120,310,410,39177,37.120993,-113.537103,5661.0
116537866,310,410,39177,37.164748,-113.384926,1000.0
116570378,310,410,39177,37.131279,-113.52132,2390.0
116570376,310,410,39177,37.132853,-113.520335,5431.0
116537864,310,410,39177,37.145855,-113.490043,10345.0
116506632,310,410,39177,37.151463,-113.47978,6448.0
116570634,310,410,39177,37.243171,-113.287755,5122.0
116570632,310,410,39177,37.206428,-113.382126,21607.0
116538122,310,410,39177,37.147564,-113.461685,17363.0
116538121,310,410,39177,37.169317,-113.363737,4943.0
116510986,310,410,39177,37.165289,-113.376976,18747.0
116569609,310,410,39177,37.103876,-113.610474,5416.0
116507543,310,410,39177,37.176845,-113.322095,3831.0
116507542,310,410,39177,37.174537,-113.307811,5892.0
116507408,310,410,39177,37.174478,-113.306819,1000.0
116507575,310,410,39177,37.182247,-113.281246,1295.0
116507832,310,410,39177,37.19812,-113.274765,1287.0
116571152,310,410,39177,37.156897,-113.251126,10454.0
116507152,310,410,39177,37.204603,-113.25197,6429.0
116572431,310,410,39177,37.213315,-113.239467,9004.0
116538383,310,410,39177,37.21555,-113.332293,8206.0
116572424,310,410,39177,37.144272,-113.253578,1000.0
116565009,310,410,39177,37.123466,-113.190367,6062.0
116565008,310,410,39177,37.071342,-113.104546,1000.0
120545545,310,410,33025,35.061319,-106.19155,2015.0
120386570,310,410,33025,-1.0,-1.0,-1.0
120767242,310,410,27909,35.009295,-106.062775,11061.0
120802058,310,410,27909,35.00904,-105.693262,11835.0
120767240,310,410,27909,35.005517,-106.0206,24642.0
120767241,310,410,27909,35.004761,-105.981712,28561.0
120775953,310,410,27909,35.004243,-105.889792,30466.0
120775952,310,410,27909,35.005689,-105.775217,16041.0
120802065,310,410,27909,35.007016,-105.76525,45155.0
120386832,310,410,33025,35.102736,-105.716854,1000.0
120386826,310,410,33025,35.085327,-105.707171,1997.0
120802056,310,410,27909,35.015328,-105.669823,5235.0
120802057,310,410,27909,35.005339,-105.613071,4825.0
120785674,310,410,27909,35.004856,-105.525284,6044.0
120785681,310,410,27909,35.003201,-105.559377,24600.0
120785672,310,410,27909,35.003506,-105.503558,27646.0
120785673,310,410,27909,34.994969,-105.367626,3752.0
120802314,310,410,27909,34.989112,-105.246487,12109.0
120802312,310,410,27909,34.987046,-105.204174,17727.0
120802313,310,410,27909,34.984071,-105.144495,4717.0
120763914,310,410,27909,34.976775,-104.999487,12626.0
120802320,310,410,27909,34.979781,-105.057343,22425.0
120763914,310,410,27909,34.976775,-104.999487,12626.0
120763913,310,410,27909,34.973016,-104.925764,3607.0
120802313,310,410,27909,34.984071,-105.144495,4717.0
120772362,310,410,27909,34.969047,-104.81301,4824.0
120772360,310,410,27909,34.967881,-104.783024,10003.0
120772361,310,410,27909,34.956641,-104.727042,17192.0
120772106,310,410,27909,34.957772,-104.735629,4377.0
120772105,310,410,27909,34.949128,-104.636042,32500.0
120758538,310,410,27909,35.007911,-104.509492,4217.0
120758536,310,410,27909,35.011385,-104.482119,1361.0
120758537,310,410,27909,35.043004,-104.385315,8926.0
120768017,310,410,27909,35.051953,-104.343896,6446.0
120765457,310,410,27909,35.065855,-104.251955,10185.0
120765450,310,410,27909,35.065935,-104.256997,8695.0
120768016,310,410,27909,35.08975,-104.085329,11011.0
120768009,310,410,27909,35.068358,-104.237818,11320.0
120804625,310,410,27909,35.081869,-104.116079,5536.0
120804632,310,410,27909,35.112277,-104.005794,31019.0
120804630,310,410,27909,35.125014,-103.938916,5025.0
120804631,310,410,27909,35.119053,-103.882802,5793.0
120774424,310,410,27909,35.132396,-103.820517,11052.0
120774417,310,410,27909,35.126981,-103.850706,23787.0
120804624,310,410,27909,35.126915,-103.85573,4279.0
120774168,310,410,27909,35.149154,-103.778308,11030.0
120774161,310,410,27909,35.145092,-103.798687,19536.0
120774154,310,410,27909,35.144737,-103.783035,12089.0
120774154,310,410,27909,35.144737,-103.783035,12089.0
120774153,310,410,27909,35.160219,-103.695615,10790.0
120774415,310,410,27909,35.199589,-103.598648,26059.0
120774408,310,410,27909,35.171448,-103.661599,9218.0
120770251,310,410,27909,35.171916,-103.528263,17334.0
120770072,310,410,27909,35.157886,-103.464952,11755.0
120774423,310,410,27909,35.172433,-103.521592,11364.0
120774572,310,410,27909,35.173031,-103.568939,1000.0
120770065,310,410,27909,35.162142,-103.462253,13342.0
120774416,310,410,27909,35.161726,-103.420891,59032.0
120785935,310,410,27909,35.152129,-103.451384,1335.0
120774409,310,410,27909,35.172584,-103.59395,2813.0
120771608,310,410,27909,35.113947,-103.355333,6017.0
120771607,310,410,27909,35.12343,-103.260487,8638.0
120782870,310,410,27909,35.145298,-103.438148,1000.0
120782863,310,410,27909,35.140638,-103.199828,3131.0
120782352,310,410,27909,35.155626,-103.156159,5207.0
120782359,310,410,27909,35.170274,-103.110962,4701.0
120782360,310,410,27909,35.182704,-103.056764,4373.0
120782358,310,410,27909,35.184768,-102.993881,1867.0
120782337,310,410,27909,35.204768,-102.933316,2133.0
120782351,310,410,27909,35.247477,-102.795486,11656.0
120785175,310,410,27909,35.236522,-102.835738,19800.0
120785424,310,410,27909,35.540109,-103.200781,1864.0
120785431,310,410,27909,35.211089,-102.915679,2385.0
203084817,310,410,27662,35.256755,-102.764041,9901.0
203084824,310,410,27662,35.266573,-102.685063,8845.0
203084822,310,410,27662,35.259837,-102.510171,5620.0
202378520,310,410,27662,35.252903,-102.476747,3340.0
202378506,310,410,27662,35.495998,-102.250282,1000.0
202717705,310,410,27654,-1.0,-1.0,-1.0
203290890,310,410,27654,-1.0,-1.0,-1.0
202590986,310,410,27654,35.180725,-101.938177,1000.0
203257617,310,410,27654,35.196372,-101.923833,17689.0
202550289,310,410,27654,35.18524,-101.935497,17777.0
202556177,310,410,27654,35.17621,-101.937296,7204.0
202550288,310,410,27654,35.187068,-101.918194,1012.0
202552593,310,410,27654,35.189658,-101.902577,7938.0
203257616,310,410,27654,35.192275,-101.89623,7497.0
202552591,310,410,27654,35.194386,-101.886437,9428.0
202552592,310,410,27654,35.186948,-101.879669,10020.0
202279441,310,410,27654,35.190927,-101.873345,1903.0
202279439,310,410,27654,35.196051,-101.857951,2632.0
203273231,310,410,27654,35.194465,-101.84669,2997.0
202509073,310,410,27654,35.198524,-101.843377,2752.0
203271960,310,410,27654,35.191301,-101.837491,5854.0
202520088,310,410,27654,35.194618,-101.837475,5920.0
202652950,310,410,27654,35.187456,-101.839126,4158.0
203271959,310,410,27654,35.194682,-101.802141,7271.0
203291414,310,410,27654,-1.0,-1.0,-1.0
203267608,310,410,27654,35.188493,-101.795703,5350.0
203267606,310,410,27654,35.196467,-101.782859,6297.0
203267607,310,410,27654,35.189233,-101.768047,9937.0
202652438,310,410,27654,35.194215,-101.736626,5015.0
203267607,310,410,27654,35.189233,-101.768047,9937.0
202652438,310,410,27654,35.194215,-101.736626,5015.0
202551824,310,410,27654,35.190472,-101.755609,20729.0
202652424,310,410,27654,35.191808,-101.726753,5416.0
202548744,310,410,27654,35.197329,-101.677247,5991.0
202284545,310,410,27651,35.266553,-100.97836,2827.0
203019544,310,410,27654,35.203968,-101.633697,8575.0
203019543,310,410,27654,35.192792,-101.567902,11822.0
203029812,310,410,27651,35.15341,-101.492579,12522.0
203019571,310,410,27654,35.175979,-101.578083,10197.0
203009296,310,410,27654,35.167481,-101.545178,6625.0
203017177,310,410,27651,-1.0,-1.0,-1.0
203019286,310,410,27651,35.092688,-101.311977,4293.0
203016977,310,410,27651,35.098185,-101.326,5033.0
202490378,310,410,27651,-1.0,-1.0,-1.0
202490377,310,410,27651,35.088169,-101.300438,1000.0
202490377,310,410,27651,35.088169,-101.300438,1000.0
203019286,310,410,27651,35.092688,-101.311977,4293.0
203015448,310,410,27651,35.049426,-101.225785,14146.0
203019279,310,410,27651,35.111526,-101.362337,1008.0
203015447,310,410,27651,35.023455,-101.09665,8381.0
203015426,310,410,27651,35.006483,-101.048435,21703.0
203019266,310,410,27651,35.033497,-101.159081,1000.0
203014161,310,410,27651,35.003968,-101.039037,3617.0
203013634,310,410,27651,35.014755,-101.061623,1000.0
203369480,310,410,27651,34.964388,-100.946538,3993.0
203369481,310,410,27651,34.92021,-100.839792,6316.0
203566858,310,410,27651,34.923775,-100.853439,1000.0
203369481,310,410,27651,34.92021,-100.839792,6316.0
203566858,310,410,27651,34.923775,-100.853439,1000.0
203736848,310,410,27651,34.912106,-100.80765,8347.0
203653379,310,410,27651,34.912119,-100.809082,1000.0
203745552,310,410,27651,34.91032,-100.7939,1000.0
203745752,310,410,27651,-1.0,-1.0,-1.0
203653591,310,410,27651,-1.0,-1.0,-1.0
203566870,310,410,27651,34.895449,-100.762559,1290.0
203369495,310,410,27651,34.931124,-100.868256,7140.0
203653378,310,410,27651,34.829336,-100.622113,24468.0
202848527,310,410,27651,34.828796,-100.614586,1000.0
203653392,310,410,27651,34.839441,-100.62832,5571.0
202491954,310,410,27651,34.832718,-100.620071,1000.0
202491912,310,410,27651,34.823509,-100.606544,1000.0
202491913,310,410,27651,34.785397,-100.579208,1000.0
203568392,310,410,27651,34.657037,-100.48072,3796.0
202405640,310,410,27651,34.795003,-100.580996,1003.0
202491955,310,410,27651,34.788326,-100.580528,1000.0
202405682,310,410,27651,34.784425,-100.577837,7985.0
203064336,310,410,27651,34.679925,-100.497574,19849.0
202405641,310,410,27651,34.697185,-100.505675,7381.0
203568392,310,410,27651,34.657037,-100.48072,3796.0
202491913,310,410,27651,34.785397,-100.579208,1000.0
202405641,310,410,27651,34.697185,-100.505675,7381.0
203064591,310,410,27651,34.678032,-100.499495,26391.0
202848528,310,410,27651,34.788944,-100.580864,1000.0
203064791,310,410,27651,34.811523,-100.589912,1000.0
203064793,310,410,27651,34.531696,-100.422058,1000.0
203064593,310,410,27651,34.550996,-100.437333,13964.0
203568408,310,410,27651,34.528973,-100.416512,1000.0
203064592,310,410,27651,34.502247,-100.368831,18357.0
203064792,310,410,27651,34.490696,-100.349403,1000.0
203064849,310,410,27651,34.50544,-100.376091,3153.0
203568435,310,410,27651,34.511372,-100.392448,1000.0
203568407,310,410,27651,34.492643,-100.354846,5040.0
203063319,310,410,27651,35.01738,-101.068527,1000.0
203059734,310,410,27651,34.443846,-100.252318,5265.0
203059764,310,410,27651,34.461993,-100.295047,1704.0
203059734,310,410,27651,34.443846,-100.252318,5265.0
203059720,310,410,27651,34.432169,-100.22027,3475.0
203059762,310,410,27651,34.445761,-100.257403,3636.0
116565008,310,410,39177,37.071342,-113.104546,1000.0
116563983,310,410,39177,37.146839,-113.255035,1000.0
116564117,310,410,39177,36.99971,-112.999039,1000.0
116572425,310,410,39177,37.117592,-113.16391,1000.0
116563976,310,410,39177,37.041428,-113.056136,12772.0
116563978,310,410,39177,36.928604,-112.93502,1000.0
116563984,310,410,39177,36.928547,-112.935097,1000.0
116572432,310,410,39177,36.928596,-112.935097,1000.0
124119213,310,410,39177,-1.0,-1.0,-1.0
124119050,310,410,39177,-1.0,-1.0,-1.0
123604395,310,410,33028,37.054085,-112.210028,13205.0
124119057,310,410,39177,-1.0,-1.0,-1.0
124119064,310,410,39177,-1.0,-1.0,-1.0
124119055,310,410,39177,-1.0,-1.0,-1.0
116564233,310,410,39177,-1.0,-1.0,-1.0
116564240,310,410,39177,36.874352,-112.67618,8474.0
116564239,310,410,39177,37.016052,-112.476661,26128.0
116565258,310,410,39177,37.027204,-112.473221,2561.0
116565256,310,410,39177,37.039715,-112.278754,1193.0
116565263,310,410,39177,37.040839,-112.241044,4566.0
116564497,310,410,39177,37.124808,-112.09746,7722.0
203059762,310,410,27651,34.445761,-100.257403,3636.0
203059727,310,410,27651,34.425409,-100.196625,7143.0
203062794,310,410,27651,34.394242,-100.109013,7967.0
203059721,310,410,27651,34.411485,-100.161391,7120.0
203062801,310,410,27651,34.400888,-100.129936,9015.0
203062806,310,410,27651,34.381368,-100.06204,6449.0
203062807,310,410,27651,34.376517,-100.040403,2067.0
203062793,310,410,27651,34.360655,-99.979926,5704.0
134100234,310,410,28171,34.344084,-99.922922,4791.0
134100304,310,410,28171,-1.0,-1.0,-1.0
133203863,310,410,28171,-1.0,-1.0,-1.0
134100233,310,410,28171,34.327547,-99.855682,2139.0
133203862,310,410,28171,-1.0,-1.0,-1.0
133203862,310,410,28171,-1.0,-1.0,-1.0
134100247,310,410,28171,34.314127,-99.823805,1175.0
134723864,310,410,28171,34.301703,-99.796904,5207.0
135389847,310,410,28171,-1.0,-1.0,-1.0
134723850,310,410,28171,34.296718,-99.775665,6992.0
134723849,310,410,28171,34.280286,-99.688899,1000.0
135389846,310,410,28171,-1.0,-1.0,-1.0
133204746,310,410,28171,34.258093,-99.554518,11037.0
134723863,310,410,28171,-1.0,-1.0,-1.0
134723891,310,410,28171,34.281719,-99.699371,1000.0
133204816,310,410,28171,34.254574,-99.533875,1000.0
133204814,310,410,28171,-1.0,-1.0,-1.0
133204745,310,410,28171,34.236835,-99.444253,8721.0
133246474,310,410,28171,34.207696,-99.381539,7673.0
133204815,310,410,28171,34.246868,-99.469528,1000.0
133204787,310,410,28171,34.237525,-99.445003,6049.0
133204759,310,410,28171,-1.0,-1.0,-1.0
133204759,310,410,28171,-1.0,-1.0,-1.0
133216278,310,410,28171,-1.0,-1.0,-1.0
133206550,310,410,28171,34.145532,-99.216235,1000.0
133204745,310,410,28171,34.236835,-99.444253,8721.0
133246481,310,410,28171,34.192337,-99.3479,1000.0
133246474,310,410,28171,34.207696,-99.381539,7673.0
133246472,310,410,28171,34.160627,-99.289889,1000.0
133160207,310,410,28171,34.1598,-99.279053,1000.0
133205397,310,410,28171,-1.0,-1.0,-1.0
133246613,310,410,28171,-1.0,-1.0,-1.0
133205327,310,410,28171,34.143951,-99.209473,1000.0
133206606,310,410,28171,-1.0,-1.0,-1.0
133205398,310,410,28171,-1.0,-1.0,-1.0
133206677,310,410,28171,-1.0,-1.0,-1.0
133205775,310,410,28171,34.13258,-99.138043,1000.0
133205777,310,410,28171,-1.0,-1.0,-1.0
133160408,310,410,28171,-1.0,-1.0,-1.0
133205768,310,410,28171,34.121565,-99.127492,4936.0
133205909,310,410,28171,-1.0,-1.0,-1.0
133205910,310,410,28171,-1.0,-1.0,-1.0
133205910,310,410,28171,-1.0,-1.0,-1.0
133205769,310,410,28171,34.090925,-99.054878,2569.0
10289958,310,410,28171,-1.0,-1.0,-1.0
10275223,310,410,28171,-1.0,-1.0,-1.0
10275222,310,410,28171,-1.0,-1.0,-1.0
134552358,310,410,28171,-1.0,-1.0,-1.0
10289957,310,410,28171,-1.0,-1.0,-1.0
134007078,310,410,28171,33.896904,-98.553795,1000.0
134652696,310,410,28171,33.97039,-98.750969,1000.0
10289943,310,410,28171,34.036209,-98.904564,1000.0
135669770,310,410,28171,33.968714,-98.721021,8919.0
134007050,310,410,28171,33.981589,-98.801089,3365.0
134652682,310,410,28171,33.972404,-98.758027,5778.0
134652696,310,410,28171,33.97039,-98.750969,1000.0
133186582,310,410,28171,-1.0,-1.0,-1.0
134652694,310,410,28171,-1.0,-1.0,-1.0
135669784,310,410,28171,-1.0,-1.0,-1.0
135669783,310,410,28171,-1.0,-1.0,-1.0
134031896,310,410,28171,-1.0,-1.0,-1.0
134007064,310,410,28171,-1.0,-1.0,-1.0
135669797,310,410,28171,-1.0,-1.0,-1.0
134007078,310,410,28171,33.896904,-98.553795,1000.0
134016266,310,410,28171,33.952806,-98.580889,4182.0
134007050,310,410,28171,33.981589,-98.801089,3365.0
134031882,310,410,28171,-1.0,-1.0,-1.0
135669769,310,410,28171,33.961073,-98.635999,3102.0
134016407,310,410,28171,-1.0,-1.0,-1.0
134016265,310,410,28171,33.946671,-98.534261,1000.0
134031370,310,410,28171,33.937598,-98.520936,1660.0
134031511,310,410,28171,-1.0,-1.0,-1.0
134015381,310,410,28171,-1.0,-1.0,-1.0
135118229,310,410,28171,-1.0,-1.0,-1.0
134014871,310,410,28171,-1.0,-1.0,-1.0
134031510,310,410,28171,-1.0,-1.0,-1.0
134031765,310,410,28171,-1.0,-1.0,-1.0
134031766,310,410,28171,-1.0,-1.0,-1.0
134021144,310,410,28171,-1.0,-1.0,-1.0
134021142,310,410,28171,-1.0,-1.0,-1.0
134021142,310,410,28171,-1.0,-1.0,-1.0
134655512,310,410,28171,33.875126,-98.382538,1000.0
134655511,310,410,28171,-1.0,-1.0,-1.0
134014999,310,410,28171,-1.0,-1.0,-1.0
134015013,310,410,28171,33.830611,-98.255613,1721.0
134551050,310,410,28171,33.818143,-98.224354,1365.0
134551049,310,410,28171,33.79139,-98.177819,4241.0
134551190,310,410,28171,-1.0,-1.0,-1.0
134016151,310,410,28171,-1.0,-1.0,-1.0
134016037,310,410,28171,33.663754,-98.057651,1781.0
10312970,310,410,28171,33.640348,-98.020389,6751.0
10271127,310,410,28171,-1.0,-1.0,-1.0
10271127,310,410,28171,-1.0,-1.0,-1.0
10271126,310,410,28171,-1.0,-1.0,-1.0
133677205,310,410,28170,-1.0,-1.0,-1.0
134676746,310,410,28170,33.580988,-97.903032,1640.0
133231624,310,410,28170,33.568959,-97.887807,1000.0
135070481,310,410,28170,-1.0,-1.0,-1.0
135070681,310,410,28170,-1.0,-1.0,-1.0
135070680,310,410,28170,-1.0,-1.0,-1.0
133673943,310,410,28170,-1.0,-1.0,-1.0
135070614,310,410,28170,-1.0,-1.0,-1.0
133673878,310,410,28170,-1.0,-1.0,-1.0
133541269,310,410,28170,-1.0,-1.0,-1.0
133673744,310,410,28170,33.508251,-97.813115,1000.0
133673744,310,410,28170,33.508251,-97.813115,1000.0
133541135,310,410,28170,33.502936,-97.809678,1000.0
133541128,310,410,28170,33.472215,-97.788966,3389.0
133541137,310,410,28170,-1.0,-1.0,-1.0
133541337,310,410,28170,-1.0,-1.0,-1.0
133541336,310,410,28170,-1.0,-1.0,-1.0
133541143,310,410,28170,33.429276,-97.755219,1000.0
133514262,310,410,28170,-1.0,-1.0,-1.0
135340822,310,410,28170,-1.0,-1.0,-1.0
135104792,310,410,28170,-1.0,-1.0,-1.0
135340801,310,410,28170,33.3954,-97.731024,1000.0
135104771,310,410,28170,33.369575,-97.708508,3478.0
135104771,310,410,28170,33.369575,-97.708508,3478.0
135340801,310,410,28170,33.3954,-97.731024,1000.0
135104792,310,410,28170,-1.0,-1.0,-1.0
135340823,310,410,28170,-1.0,-1.0,-1.0
135340809,310,410,28170,-1.0,-1.0,-1.0
135340802,310,410,28170,-1.0,-1.0,-1.0
135104770,310,410,28170,33.318488,-97.66114,1172.0
135094785,310,410,28170,-1.0,-1.0,-1.0
135104777,310,410,28170,-1.0,-1.0,-1.0
133997832,310,410,28170,33.227732,-97.593291,1000.0
135094794,310,410,28170,33.334352,-97.673465,1000.0
135094793,310,410,28170,33.28355,-97.629181,1000.0
134775056,310,410,28170,-1.0,-1.0,-1.0
133665039,310,410,28170,33.238608,-97.599007,1000.0
133665173,310,410,28170,-1.0,-1.0,-1.0
133665174,310,410,28170,-1.0,-1.0,-1.0
133997973,310,410,28170,-1.0,-1.0,-1.0
133997975,310,410,28170,-1.0,-1.0,-1.0
133997847,310,410,28170,-1.0,-1.0,-1.0
133997974,310,410,28170,-1.0,-1.0,-1.0
133656215,310,410,28170,-1.0,-1.0,-1.0
10282134,310,410,28170,-1.0,-1.0,-1.0
133656214,310,410,28170,-1.0,-1.0,-1.0
133656214,310,410,28170,-1.0,-1.0,-1.0
134002071,310,410,28170,-1.0,-1.0,-1.0
134002069,310,410,28170,-1.0,-1.0,-1.0
135097352,310,410,28170,33.162285,-97.5261,1000.0
133582600,310,410,28170,33.173895,-97.541552,1000.0
135097353,310,410,28170,33.150013,-97.507835,1000.0
135097346,310,410,28170,33.140827,-97.498367,1000.0
134774422,310,410,28170,-1.0,-1.0,-1.0
134001557,310,410,28170,-1.0,-1.0,-1.0
133662613,310,410,27194,33.161226,-97.554842,19022.0
134001425,310,410,28170,-1.0,-1.0,-1.0
134001625,310,410,28170,-1.0,-1.0,-1.0
134001559,310,410,28170,-1.0,-1.0,-1.0
133659029,310,410,28170,-1.0,-1.0,-1.0
133318664,310,410,28170,33.078449,-97.471626,1000.0
133318666,310,410,28170,-1.0,-1.0,-1.0
133318665,310,410,28170,-1.0,-1.0,-1.0
133242120,310,410,27194,33.036859,-97.513674,12176.0
135650568,310,410,27194,33.047794,-97.475418,1000.0
133975057,310,410,28170,33.043982,-97.46228,1000.0
133658896,310,410,28170,33.04649,-97.472064,1000.0
133975055,310,410,28170,-1.0,-1.0,-1.0
133975189,310,410,28170,-1.0,-1.0,-1.0
133809161,310,410,28170,33.025012,-97.445198,1315.0
116564497,310,410,39177,37.124808,-112.09746,7722.0
116564495,310,410,39177,37.139065,-111.974472,1813.0
116564496,310,410,39177,37.123915,-111.958579,8067.0
116579755,310,410,39177,37.127425,-111.954262,1000.0
116565521,310,410,39177,-1.0,-1.0,-1.0
116579606,310,410,39177,-1.0,-1.0,-1.0
116565519,310,410,39177,-1.0,-1.0,-1.0
116565520,310,410,39177,37.017713,-111.590635,1000.0
116579756,310,410,39177,36.973148,-111.368302,16338.0
116579607,310,410,39177,36.954667,-111.423098,12736.0
123600301,310,410,33028,37.036061,-111.613807,814.0
123600331,310,410,33028,37.021011,-111.594229,1000.0
123558091,310,410,33028,-1.0,-1.0,-1.0
123558061,310,410,33028,36.960122,-111.468751,2297.0
123558060,310,410,33028,-1.0,-1.0,-1.0
123557911,310,410,33028,-1.0,-1.0,-1.0
123584713,310,410,33028,36.91613,-111.455948,1000.0
123583404,310,410,33028,-1.0,-1.0,-1.0
116579600,310,410,39177,-1.0,-1.0,-1.0
123584683,310,410,33028,36.942255,-111.4398,6406.0
123573264,310,410,33028,-1.0,-1.0,-1.0
123573257,310,410,33028,36.947708,-111.463799,1000.0
123584527,310,410,33028,-1.0,-1.0,-1.0
123573265,310,410,33028,-1.0,-1.0,-1.0
123584534,310,410,33028,36.916592,-111.456245,1000.0
123600330,310,410,33028,-1.0,-1.0,-1.0
123600300,310,410,33028,36.982449,-111.480225,1000.0
123584684,310,410,33028,-1.0,-1.0,-1.0
123584535,310,410,33028,-1.0,-1.0,-1.0
116562860,310,410,39177,-1.0,-1.0,-1.0
123558829,310,410,33028,-1.0,-1.0,-1.0
123578283,310,410,33028,-1.0,-1.0,-1.0
123583255,310,410,33028,-1.0,-1.0,-1.0
123584528,310,410,33028,-1.0,-1.0,-1.0
123559953,310,410,33028,-1.0,-1.0,-1.0
123583434,310,410,33028,36.903192,-111.485966,3288.0
123583248,310,410,33028,-1.0,-1.0,-1.0
133809161,310,410,28170,33.025012,-97.445198,1315.0
133536919,310,410,28170,-1.0,-1.0,-1.0
133740554,310,410,28170,33.036942,-97.414658,1000.0
133740552,310,410,28170,-1.0,-1.0,-1.0
133740553,310,410,28170,-1.0,-1.0,-1.0
133740567,310,410,28170,33.030025,-97.362892,1000.0
135448065,310,410,27194,33.004593,-97.34967,1000.0
135242595,310,410,27173,-1.0,-1.0,-1.0
135242611,310,410,27173,-1.0,-1.0,-1.0
133573656,310,410,27173,33.03311,-97.319618,5126.0
133669783,310,410,27173,33.049023,-97.358329,19891.0
134715405,310,410,27173,-1.0,-1.0,-1.0
133572376,310,410,27173,-1.0,-1.0,-1.0
133189271,310,410,27173,33.030649,-97.320867,7223.0
133189270,310,410,27173,33.026899,-97.300358,4936.0
133572631,310,410,27173,32.999413,-97.288435,8712.0
133572375,310,410,27173,33.044636,-97.452927,1000.0
133189136,310,410,27173,33.019309,-97.291198,7417.0
133189136,310,410,27173,33.019309,-97.291198,7417.0
133189336,310,410,27173,33.02747,-97.290749,1000.0
133189336,310,410,27173,33.02747,-97.290749,1000.0
133189336,310,410,27173,33.02747,-97.290749,1000.0
133189336,310,410,27173,33.02747,-97.290749,1000.0
133189336,310,410,27173,33.02747,-97.290749,1000.0
133548312,310,410,27173,33.010913,-97.285923,8031.0
133548298,310,410,27173,33.011732,-97.287056,15860.0
133189136,310,410,27173,33.019309,-97.291198,7417.0
133572881,310,410,27173,33.02604,-97.271735,6015.0
133548319,310,410,27173,33.016768,-97.288867,10287.0
133548319,310,410,27173,33.016768,-97.288867,10287.0
133189136,310,410,27173,33.019309,-97.291198,7417.0
133572881,310,410,27173,33.02604,-97.271735,6015.0
133548298,310,410,27173,33.011732,-97.287056,15860.0
133548289,310,410,27173,33.028579,-97.272339,9014.0
133548310,310,410,27173,33.036786,-97.264287,7858.0
133572879,310,410,27173,33.046559,-97.255852,1000.0
133573013,310,410,27173,33.001827,-97.298467,5371.0
133550743,310,410,27173,32.992281,-97.20044,12144.0
133517578,310,410,27173,33.028227,-97.296752,6575.0
133517578,310,410,27173,33.028227,-97.296752,6575.0
134715405,310,410,27173,-1.0,-1.0,-1.0
133517577,310,410,27173,33.019087,-97.263604,3505.0
133621000,310,410,27173,-1.0,-1.0,-1.0
135608841,310,410,27173,-1.0,-1.0,-1.0
135608844,310,410,27173,-1.0,-1.0,-1.0
134931007,310,410,27173,32.989221,-97.215529,2541.0
133703434,310,410,27173,32.986647,-97.173218,1378.0
133703433,310,410,27173,32.975774,-97.162526,2275.0
133603850,310,410,27173,32.978046,-97.1709,3612.0
133603849,310,410,27173,32.959697,-97.128718,10180.0
133617423,310,410,27173,32.955644,-97.130371,9372.0
133617423,310,410,27173,32.955644,-97.130371,9372.0
133640208,310,410,27173,32.955891,-97.141223,4787.0
134707729,310,410,27173,32.933961,-97.113753,6434.0
133934041,310,410,27173,32.945927,-97.129539,1000.0
133638103,310,410,27173,32.955149,-97.14313,1637.0
133742358,310,410,27173,32.952292,-97.137485,16648.0
134930035,310,410,27173,32.942814,-97.112473,1000.0
134929983,310,410,27173,34.197487,-101.717079,1000.0
133933840,310,410,27173,32.955695,-97.136374,14093.0
134707727,310,410,27173,32.954263,-97.094237,7526.0
133742849,310,410,27173,32.943204,-97.106644,7080.0
133742857,310,410,27173,32.930719,-97.095634,2355.0
133720842,310,410,27173,32.945031,-97.106547,11851.0
133826570,310,410,27188,32.928154,-97.088762,3043.0
133826569,310,410,27188,32.924239,-97.079884,12462.0
133758730,310,410,27188,32.927873,-97.077738,1000.0
133758729,310,410,27188,32.922952,-97.056045,12121.0
133746186,310,410,27188,32.923447,-97.059842,1426.0
133718529,310,410,27188,32.926758,-97.05427,4592.0
134699023,310,410,27188,32.926024,-97.061814,13748.0
133141264,310,410,27188,32.925496,-97.056882,9047.0
133141398,310,410,27188,32.911473,-97.06094,6524.0
133207191,310,410,27188,32.922137,-97.059144,14189.0
134699157,310,410,27188,32.924254,-97.05315,4737.0
133758721,310,410,27188,32.930683,-97.049645,7236.0
133207055,310,410,27188,32.931116,-97.041858,7343.0
134688785,310,410,27173,32.934233,-97.039674,8613.0
134688783,310,410,27173,32.953302,-97.038277,7746.0
134688784,310,410,27173,32.940555,-97.031742,6304.0
133214737,310,410,27207,32.941424,-97.028467,1000.0
133214735,310,410,27207,32.946943,-97.020794,3012.0
133214736,310,410,27207,32.936063,-97.010106,8631.0
133840145,310,410,27207,32.936027,-97.008198,8464.0
134657039,310,410,27207,32.926867,-97.011197,8419.0
134702095,310,410,27207,32.925579,-97.005039,6839.0
134680321,310,410,27207,32.924323,-96.996086,13251.0
134471185,310,410,27207,32.921449,-96.998223,7467.0
133501967,310,410,27207,32.922697,-97.034317,4098.0
133501967,310,410,27207,32.922697,-97.034317,4098.0
133207569,310,410,27207,32.929501,-97.00373,6997.0
134471183,310,410,27207,32.921498,-96.986232,8586.0
133207568,310,410,27207,32.920853,-96.98152,6968.0
134471184,310,410,27207,32.916178,-96.96633,4787.0
133465105,310,410,27207,32.920531,-96.989697,8265.0
134459153,310,410,27207,32.916524,-96.961607,8863.0
133184273,310,410,27207,32.909264,-96.946726,8248.0
133203459,310,410,27207,32.926288,-96.945101,13514.0
133647873,310,410,27207,32.913639,-96.942996,6657.0
133647874,310,410,27207,32.911457,-96.947637,6356.0
133683459,310,410,27207,32.909975,-96.934274,4531.0
133683458,310,410,27207,32.911667,-96.931492,7738.0
133751811,310,410,27207,32.909936,-96.923433,14515.0
133751810,310,410,27207,32.905134,-96.900806,9330.0
133755393,310,410,27187,32.89606,-96.897524,5246.0
134685969,310,410,27207,32.908398,-96.895834,8801.0
133743626,310,410,27207,32.907534,-96.897404,807.0
133743640,310,410,27207,32.909299,-96.905888,4876.0
133426953,310,410,27207,32.916498,-96.901807,10014.0
133755414,310,410,27187,32.897615,-96.898754,6762.0
133426967,310,410,27207,32.913061,-96.898953,5579.0
133726486,310,410,27187,32.874844,-96.887619,6064.0
133150991,310,410,27187,32.903495,-96.898635,9411.0
133743618,310,410,27207,32.911503,-96.890714,5867.0
133958401,310,410,27207,32.910642,-96.88952,6172.0
133743625,310,410,27207,32.904714,-96.889094,8804.0
133957135,310,410,27207,32.906475,-96.882043,8910.0
133958408,310,410,27207,32.911111,-96.884685,4753.0
133734913,310,410,27207,32.916569,-96.881388,9720.0
134705667,310,410,27207,32.913792,-96.869727,2281.0
133710743,310,410,27207,32.913441,-96.869715,8703.0
134705673,310,410,27207,32.914812,-96.861301,9046.0
123558829,310,410,33028,-1.0,-1.0,-1.0
123578283,310,410,33028,-1.0,-1.0,-1.0
116562703,310,410,39177,37.716145,-111.654085,12289.0
123583404,310,410,33028,-1.0,-1.0,-1.0
123578284,310,410,33028,-1.0,-1.0,-1.0
123583661,310,410,33028,-1.0,-1.0,-1.0
123583510,310,410,33028,-1.0,-1.0,-1.0
123583689,310,410,33028,36.61545,-110.988903,1000.0
123583659,310,410,33028,-1.0,-1.0,-1.0
123583255,310,410,33028,-1.0,-1.0,-1.0
123559953,310,410,33028,-1.0,-1.0,-1.0
123559960,310,410,33028,-1.0,-1.0,-1.0
116579756,310,410,39177,36.973148,-111.368302,16338.0
123558828,310,410,33028,-1.0,-1.0,-1.0
123558679,310,410,33028,-1.0,-1.0,-1.0
123593752,310,410,33028,-1.0,-1.0,-1.0
123593745,310,410,33028,-1.0,-1.0,-1.0
123578539,310,410,33028,-1.0,-1.0,-1.0
123593999,310,410,33028,-1.0,-1.0,-1.0
123594006,310,410,33028,-1.0,-1.0,-1.0
123590316,310,410,33028,35.520833,-111.372555,1000.0
123594185,310,410,33028,-1.0,-1.0,-1.0
123593744,310,410,33028,-1.0,-1.0,-1.0
123559952,310,410,33028,-1.0,-1.0,-1.0
2611715,311,40,2403,-1.0,-1.0,-1.0
2611714,311,40,2403,-1.0,-1.0,-1.0
2792963,311,40,2443,-1.0,-1.0,-1.0
2877699,311,40,2403,-1.0,-1.0,-1.0
123552535,310,410,33028,-1.0,-1.0,-1.0
123552521,310,410,33028,-1.0,-1.0,-1.0
123578889,310,410,33028,-1.0,-1.0,-1.0
134705673,310,410,27207,32.914812,-96.861301,9046.0
133710608,310,410,27207,32.916419,-96.858344,7566.0
133897175,310,410,27207,32.917912,-96.856251,1000.0
133192153,310,410,27207,32.913955,-96.872332,1847.0
133192152,310,410,27207,-1.0,-1.0,-1.0
133421017,310,410,27203,32.92387,-96.84314,1000.0
133421016,310,410,27203,32.92516,-96.838334,1000.0
133386457,310,410,27203,32.926136,-96.832428,1000.0
133386456,310,410,27203,32.926918,-96.825154,1000.0
133434633,310,410,27203,32.925766,-96.827275,8935.0
135164195,310,410,27203,32.925777,-96.823515,1000.0
133219089,310,410,27203,32.92695,-96.823755,9370.0
133386256,310,410,27203,32.925468,-96.824446,2070.0
133219088,310,410,27203,32.922882,-96.817354,9599.0
133750786,310,410,27203,32.92626,-96.820999,7485.0
133714179,310,410,27203,32.92382,-96.812204,7376.0
133714178,310,410,27203,32.924539,-96.802605,7584.0
133405955,310,410,27203,32.924534,-96.792468,4002.0
133137935,310,410,27203,32.924651,-96.792746,9260.0
133405969,310,410,27203,32.924217,-96.79199,9321.0
133406169,310,410,27203,32.925224,-96.79155,1000.0
133406167,310,410,27203,32.924778,-96.784904,1000.0
133406168,310,410,27203,32.924404,-96.778275,1000.0
133726986,310,410,27203,32.924066,-96.779652,6134.0
133405968,310,410,27203,32.925341,-96.780345,9643.0
133393937,310,410,27203,32.923348,-96.774002,9690.0
133393937,310,410,27203,32.923348,-96.774002,9690.0
133727000,310,410,27203,32.924498,-96.781122,2144.0
133727007,310,410,27203,32.92443,-96.776517,3424.0
133727006,310,410,27203,32.925421,-96.770192,6860.0
133719069,310,410,27203,32.925695,-96.764478,3832.0
133726985,310,410,27203,32.921896,-96.75169,22114.0
133713155,310,410,27203,32.920759,-96.760859,9282.0
133406992,310,410,27203,32.917392,-96.766867,4263.0
133416209,310,410,27203,32.922098,-96.761874,6531.0
133378320,310,410,27203,32.912599,-96.76485,7901.0
133421585,310,410,27192,32.903071,-96.767715,9878.0
135158079,310,410,27192,32.908853,-96.769119,1413.0
133741322,310,410,27192,32.903611,-96.76833,4500.0
133421785,310,410,27192,32.908025,-96.768795,1554.0
133820427,310,410,27192,32.894909,-96.768906,1000.0
133820425,310,410,27192,32.884758,-96.769859,7016.0
134890787,310,410,27192,32.883922,-96.770043,500.0
134890851,310,410,27192,32.880782,-96.77008,1078.0
133733898,310,410,27192,32.876268,-96.770938,7563.0
134468623,310,410,27192,32.877403,-96.769631,5948.0
133177105,310,410,27192,32.873669,-96.769602,4160.0
134832931,310,410,27192,32.879272,-96.770082,956.0
133925405,310,410,27192,32.874063,-96.768858,5687.0
133625089,310,410,27189,32.856939,-96.770238,4792.0
133925379,310,410,27192,32.870925,-96.77004,5665.0
133596673,310,410,27192,32.865725,-96.770981,8751.0
133596675,310,410,27192,32.863862,-96.782012,5403.0
133907351,310,410,27192,32.856075,-96.772139,25979.0
133625117,310,410,27189,32.85918,-96.76869,6759.0
133596703,310,410,27192,32.863008,-96.773031,9521.0
133907216,310,410,27192,32.830225,-96.820325,6865.0
133596702,310,410,27192,32.828935,-96.816438,7001.0
133907217,310,410,27192,32.865707,-96.77352,3334.0
133907215,310,410,27192,32.864709,-96.770913,9096.0
133907215,310,410,27192,32.864709,-96.770913,9096.0
133907351,310,410,27192,32.856075,-96.772139,25979.0
133596682,310,410,27192,32.866174,-96.770623,3518.0
133925384,310,410,27192,32.877037,-96.770318,3912.0
134468758,310,410,27192,32.861564,-96.774415,8682.0
133177239,310,410,27192,32.868529,-96.771732,6896.0
133925398,310,410,27192,32.877229,-96.769447,4572.0
134832931,310,410,27192,32.879272,-96.770082,956.0
134890927,310,410,27192,32.88101,-96.770134,2298.0
133177237,310,410,27192,32.870114,-96.772979,6937.0
134890787,310,410,27192,32.883922,-96.770043,500.0
133820425,310,410,27192,32.884758,-96.769859,7016.0
133820438,310,410,27192,32.896145,-96.771364,7320.0
133421719,310,410,27192,32.897476,-96.768876,6843.0
135158079,310,410,27192,32.908853,-96.769119,1413.0
133378320,310,410,27203,32.912599,-96.76485,7901.0
133421783,310,410,27192,-1.0,-1.0,-1.0
133407193,310,410,27203,-1.0,-1.0,-1.0
133378519,310,410,27203,32.921852,-96.766403,1000.0
133378520,310,410,27203,32.920405,-96.748377,3340.0
133407192,310,410,27203,32.915651,-96.74989,2735.0
133394136,310,410,27203,32.924166,-96.769368,1000.0
133719042,310,410,27203,32.921145,-96.757272,9394.0
133726728,310,410,27203,32.925098,-96.768577,2946.0
133719048,310,410,27203,32.922919,-96.764711,1000.0
133407126,310,410,27203,32.904141,-96.758001,8433.0
133394070,310,410,27203,32.922015,-96.759142,9429.0
133726985,310,410,27203,32.921896,-96.75169,22114.0
133713160,310,410,27203,32.925937,-96.759765,1000.0
133713161,310,410,27203,32.920591,-96.750271,8717.0
133416208,310,410,27203,32.919432,-96.747873,6682.0
133414415,310,410,27203,32.915771,-96.742855,4610.0
133381905,310,410,27203,32.912261,-96.737218,5407.0
133381904,310,410,27203,32.904304,-96.720831,4046.0
133381903,310,410,27203,32.914637,-96.735768,1121.0
133135119,310,410,27192,32.903759,-96.717995,8130.0
133452823,310,410,27203,32.906525,-96.726488,5103.0
133438230,310,410,27192,32.905978,-96.719343,1813.0
133438231,310,410,27192,32.895357,-96.713711,4293.0
133334296,310,410,27192,32.88845,-96.702116,5240.0
133334295,310,410,27192,32.883259,-96.690895,5536.0
133334281,310,410,27192,32.880398,-96.691051,8825.0
133543704,310,410,27192,32.86884,-96.672276,1664.0
133543703,310,410,27192,32.867868,-96.667529,3601.0
133451032,310,410,27192,32.861185,-96.655506,1000.0
133451030,310,410,27192,32.863916,-96.659342,4481.0
133451031,310,410,27192,32.858544,-96.65024,5520.0
133451031,310,410,27192,32.858544,-96.65024,5520.0
133827608,310,410,27179,32.833957,-96.632767,9709.0
133827607,310,410,27179,32.835312,-96.633032,1000.0
133476632,310,410,27179,32.829311,-96.623506,1159.0
133476617,310,410,27179,32.833674,-96.610627,5462.0
133476630,310,410,27179,32.839799,-96.596956,1000.0
133476631,310,410,27179,32.833115,-96.612535,5933.0
133280015,310,410,27179,32.840922,-96.59555,11206.0
133449736,310,410,27179,32.844269,-96.59668,1000.0
133476616,310,410,27179,32.842938,-96.592518,3907.0
133740056,310,410,27179,32.839333,-96.591467,2319.0
133396119,310,410,27179,32.842676,-96.585356,6449.0
133923733,310,410,27179,32.84103,-96.595039,8568.0
133740042,310,410,27179,32.842757,-96.592468,2385.0
133395983,310,410,27179,32.856952,-96.55616,17349.0
133396117,310,410,27179,32.857086,-96.560506,9834.0
10512663,310,410,27179,32.859713,-96.556227,1000.0
10512662,310,410,27179,-1.0,-1.0,-1.0
133456650,310,410,26884,32.875237,-96.521744,1000.0
10512648,310,410,27179,-1.0,-1.0,-1.0
133456649,310,410,26884,-1.0,-1.0,-1.0
133456662,310,410,26884,-1.0,-1.0,-1.0
133453599,310,410,26884,-1.0,-1.0,-1.0
133405455,310,410,26884,32.88665,-96.492279,1000.0
133384717,310,410,26884,-1.0,-1.0,-1.0
133453571,310,410,26884,32.902534,-96.465523,1000.0
133453570,310,410,26884,-1.0,-1.0,-1.0
133453569,310,410,26884,-1.0,-1.0,-1.0
134268417,310,410,26884,-1.0,-1.0,-1.0
134268424,310,410,26884,-1.0,-1.0,-1.0
133936131,310,410,26884,32.909405,-96.448822,1000.0
133936129,310,410,26884,32.920033,-96.439556,1000.0
133978383,310,410,26884,32.922054,-96.442368,1000.0
133590536,310,410,26884,-1.0,-1.0,-1.0
133621258,310,410,26884,32.920986,-96.412064,1000.0
133621258,310,410,26884,32.920986,-96.412064,1000.0
133621251,310,410,26884,32.919735,-96.419212,1000.0
133621250,310,410,26884,-1.0,-1.0,-1.0
133725442,310,410,26884,-1.0,-1.0,-1.0
133383696,310,410,26884,-1.0,-1.0,-1.0
135097617,310,410,26884,-1.0,-1.0,-1.0
133725449,310,410,26884,-1.0,-1.0,-1.0
135097629,310,410,26884,-1.0,-1.0,-1.0
133718794,310,410,26884,33.007606,-96.367806,6239.0
133299606,310,410,26884,-1.0,-1.0,-1.0
133718793,310,410,26884,32.980198,-96.297127,1000.0
133718807,310,410,26884,-1.0,-1.0,-1.0
133718807,310,410,26884,-1.0,-1.0,-1.0
133718807,310,410,26884,-1.0,-1.0,-1.0
135346712,310,410,26884,-1.0,-1.0,-1.0
135346712,310,410,26884,-1.0,-1.0,-1.0
134806287,310,410,26884,33.002602,-96.243309,1000.0
134806487,310,410,26884,-1.0,-1.0,-1.0
135346696,310,410,26884,33.000347,-96.239281,1000.0
135623690,310,410,26884,33.019192,-96.213669,1000.0
135623758,310,410,26884,-1.0,-1.0,-1.0
134646743,310,410,26884,33.036396,-96.185633,1000.0
135118809,310,410,26884,33.043425,-96.179758,1000.0
135118807,310,410,26884,33.054514,-96.167744,3790.0
10271449,310,410,26881,33.067479,-96.150094,1000.0
134806578,310,410,26884,-1.0,-1.0,-1.0
135623730,310,410,26884,-1.0,-1.0,-1.0
10286130,310,410,26881,-1.0,-1.0,-1.0
135623987,310,410,26881,33.134114,-96.061437,1000.0
134249266,310,410,26881,-1.0,-1.0,-1.0
133300373,310,410,26881,33.131975,-96.015912,2632.0
133300232,310,410,26881,33.129161,-95.979969,1000.0
133407752,310,410,26881,33.13763,-95.945442,1000.0
133300232,310,410,26881,33.129161,-95.979969,1000.0
133407752,310,410,26881,33.13763,-95.945442,1000.0
133407753,310,410,26881,33.129732,-95.867172,2679.0
133407960,310,410,26881,-1.0,-1.0,-1.0
134275289,310,410,26881,-1.0,-1.0,-1.0
133408778,310,410,26881,33.129489,-95.854581,1000.0
133408777,310,410,26881,-1.0,-1.0,-1.0
133290518,310,410,26881,-1.0,-1.0,-1.0
133290504,310,410,26881,33.128301,-95.75781,1000.0
10359050,310,410,26883,33.122775,-95.731776,1000.0
135345418,310,410,26883,33.120783,-95.71644,6561.0
10315530,310,410,26883,-1.0,-1.0,-1.0
133301009,310,410,26883,-1.0,-1.0,-1.0
134720785,310,410,26883,33.119987,-95.637672,1000.0
133301209,310,410,26883,-1.0,-1.0,-1.0
134720985,310,410,26883,-1.0,-1.0,-1.0
135345488,310,410,26883,-1.0,-1.0,-1.0
135345487,310,410,26883,-1.0,-1.0,-1.0
133533263,310,410,26883,-1.0,-1.0,-1.0
133999950,310,410,26883,-1.0,-1.0,-1.0
135101008,310,410,26883,-1.0,-1.0,-1.0
135101007,310,410,26883,-1.0,-1.0,-1.0
135101007,310,410,26883,-1.0,-1.0,-1.0
134649304,310,410,26883,-1.0,-1.0,-1.0
135100937,310,410,26883,-1.0,-1.0,-1.0
133301514,310,410,26883,-1.0,-1.0,-1.0
133301655,310,410,26883,33.148522,-95.453789,1976.0
133301654,310,410,26883,33.158755,-95.415721,1771.0
134650263,310,410,26883,33.167252,-95.328474,1000.0
134650261,310,410,26883,33.165929,-95.301819,6651.0
134561431,310,410,26883,-1.0,-1.0,-1.0
134561430,310,410,26883,-1.0,-1.0,-1.0
134349364,310,410,26883,-1.0,-1.0,-1.0
10363187,310,410,26883,-1.0,-1.0,-1.0
134349392,310,410,26883,-1.0,-1.0,-1.0
123578889,310,410,33028,-1.0,-1.0,-1.0
123545608,310,410,33028,-1.0,-1.0,-1.0
123591177,310,410,33028,-1.0,-1.0,-1.0
123552520,310,410,33028,-1.0,-1.0,-1.0
123495440,310,410,33027,37.588642,-109.478348,1000.0
121010604,310,410,33028,-1.0,-1.0,-1.0
123596810,310,410,33028,-1.0,-1.0,-1.0
123596809,310,410,33028,-1.0,-1.0,-1.0
123548170,310,410,33028,-1.0,-1.0,-1.0
1379075,310,320,44203,-1.0,-1.0,-1.0
1379079,310,320,44203,-1.0,-1.0,-1.0
1379081,310,320,44203,-1.0,-1.0,-1.0
1379082,310,320,44203,-1.0,-1.0,-1.0
1379078,310,320,44203,-1.0,-1.0,-1.0
1379074,310,320,44203,-1.0,-1.0,-1.0
123548183,310,410,33028,-1.0,-1.0,-1.0
1348367,310,320,44203,-1.0,-1.0,-1.0
1348355,310,320,44203,-1.0,-1.0,-1.0
1348363,310,320,44203,-1.0,-1.0,-1.0
1348362,310,320,44203,-1.0,-1.0,-1.0
1348366,310,320,44203,-1.0,-1.0,-1.0
1348354,310,320,44203,-1.0,-1.0,-1.0
1287946,310,320,44203,-1.0,-1.0,-1.0
1287950,310,320,44203,-1.0,-1.0,-1.0
1349123,310,320,44203,-1.0,-1.0,-1.0
1298690,310,320,44203,-1.0,-1.0,-1.0
134349392,310,410,26883,-1.0,-1.0,-1.0
134349390,310,410,26883,-1.0,-1.0,-1.0
134349391,310,410,26883,-1.0,-1.0,-1.0
134705425,310,410,26883,-1.0,-1.0,-1.0
135337752,310,410,26883,-1.0,-1.0,-1.0
135337751,310,410,26883,-1.0,-1.0,-1.0
134637848,310,410,26883,-1.0,-1.0,-1.0
133801238,310,410,26883,33.177019,-94.97652,1000.0
134637847,310,410,26883,-1.0,-1.0,-1.0
135100632,310,410,26883,-1.0,-1.0,-1.0
134637833,310,410,26883,-1.0,-1.0,-1.0
134587153,310,410,26892,33.21487,-94.898974,1423.0
134477583,310,410,26883,-1.0,-1.0,-1.0
133801231,310,410,26883,33.207188,-94.909386,1000.0
134587353,310,410,26892,-1.0,-1.0,-1.0
135100432,310,410,26883,-1.0,-1.0,-1.0
134587151,310,410,26892,-1.0,-1.0,-1.0
134349841,310,410,26892,33.22784,-94.886681,1000.0
135489104,310,410,26892,33.230929,-94.883246,1000.0
135489034,310,410,26892,33.233877,-94.877552,4944.0
135489032,310,410,26892,33.275517,-94.806442,1000.0
135489032,310,410,26892,33.275517,-94.806442,1000.0
135489102,310,410,26892,33.269573,-94.817201,1575.0
65009341,310,410,24580,33.369582,-94.620427,12376.0
134587144,310,410,26892,33.291843,-94.755562,1000.0
134222351,310,410,26892,-1.0,-1.0,-1.0
134586895,310,410,26892,-1.0,-1.0,-1.0
133218320,310,410,26892,-1.0,-1.0,-1.0
134222551,310,410,26892,-1.0,-1.0,-1.0
134586902,310,410,26892,-1.0,-1.0,-1.0
65009161,310,410,24580,33.305922,-94.706245,6419.0
65009340,310,410,24580,33.419758,-94.551987,1000.0
64241364,310,410,24580,33.290482,-94.772797,1000.0
64482262,310,410,24580,33.402459,-94.627808,13597.0
64241348,310,410,24580,33.397395,-94.583077,5280.0
64482065,310,410,24580,33.462852,-94.510763,25916.0
65250072,310,410,24580,33.437406,-94.526826,2221.0
65250071,310,410,24580,33.468224,-94.462517,1000.0
65248790,310,410,24580,-1.0,-1.0,-1.0
65248791,310,410,24580,33.472382,-94.38496,3064.0
64480918,310,410,24580,33.472878,-94.386,7698.0
65251223,310,410,24580,33.471334,-94.319135,11992.0
64482198,310,410,24580,33.470813,-94.437902,10584.0
65236234,310,410,24580,33.472538,-94.388763,1000.0
64468438,310,410,24580,33.471485,-94.377289,1000.0
65248965,310,410,24580,33.465446,-94.309814,1000.0
65251270,310,410,24580,33.473347,-94.29459,3884.0
65251286,310,410,24580,33.469978,-94.300295,5139.0
65251286,310,410,24580,33.469978,-94.300295,5139.0
65251285,310,410,24580,33.474254,-94.258516,11668.0
65251269,310,410,24580,33.292149,-94.7603,1000.0
65230020,310,410,24580,33.458182,-94.156299,1556.0
65254340,310,410,24580,-1.0,-1.0,-1.0
65230021,310,410,24580,33.474579,-94.448364,1000.0
65251014,310,410,24580,33.450629,-94.127998,1000.0
65251012,310,410,24580,33.451615,-94.111562,1241.0
65256646,310,410,24580,-1.0,-1.0,-1.0
65228996,310,410,24580,33.459884,-94.077409,7822.0
65256644,310,410,24580,-1.0,-1.0,-1.0
65254854,310,410,24580,-1.0,-1.0,-1.0
66518982,310,410,24580,33.472336,-94.023537,1000.0
65238724,310,410,24580,33.460309,-94.03815,1000.0
66518980,310,410,24580,33.474152,-94.0149,1000.0
66518981,310,410,24580,33.475597,-94.008049,1000.0
64470997,310,410,24580,-1.0,-1.0,-1.0
64484566,310,410,24580,33.519463,-93.934135,1000.0
64470800,310,410,24580,33.48398,-93.989116,21890.0
64484369,310,410,24580,33.475631,-93.980218,21871.0
64484367,310,410,24580,33.502524,-93.956803,16875.0
64480272,310,410,24580,-1.0,-1.0,-1.0
64484564,310,410,24580,33.506709,-93.950621,6849.0
64485846,310,410,24580,33.601673,-93.818939,1000.0
64485845,310,410,24580,33.544644,-93.893427,9372.0
64485648,310,410,24580,33.543079,-93.896309,1000.0
64485641,310,410,24580,33.549391,-93.883287,8327.0
64450314,310,410,24583,33.593714,-93.827008,20890.0
64450518,310,410,24583,33.593901,-93.830964,9890.0
64450517,310,410,24583,33.63235,-93.739602,11466.0
64450774,310,410,24583,33.638894,-93.703296,2661.0
64380431,310,410,24583,33.631111,-93.727801,26791.0
64380431,310,410,24583,33.631111,-93.727801,26791.0
64450577,310,410,24583,33.639349,-93.703227,13449.0
64450575,310,410,24583,33.661128,-93.647474,19149.0
64450772,310,410,24583,33.665176,-93.634682,1000.0
64451030,310,410,24583,33.693069,-93.594933,1000.0
64482576,310,410,24583,33.672936,-93.622243,20570.0
64482577,310,410,24583,33.683832,-93.607363,19556.0
64450568,310,410,24583,33.662814,-93.636779,5915.0
64482570,310,410,24583,33.681617,-93.61232,24961.0
64482568,310,410,24583,33.688825,-93.58859,20865.0
64451082,310,410,24583,33.698764,-93.582127,25626.0
64451080,310,410,24583,33.738095,-93.524401,26388.0
64451094,310,410,24583,33.710838,-93.57058,1000.0
64451351,310,410,24583,33.735588,-93.52562,1000.0
64451344,310,410,24583,33.748641,-93.505818,13988.0
64451087,310,410,24583,33.72628,-93.544344,29855.0
64451541,310,410,24583,33.764065,-93.485044,10483.0
64451343,310,410,24583,33.802023,-93.43531,23768.0
64451336,310,410,24583,33.801396,-93.435709,7909.0
65219593,310,410,24583,33.837731,-93.38676,1000.0
64451350,310,410,24583,33.81131,-93.422119,1000.0
65219607,310,410,24583,33.832532,-93.393829,1000.0
64218902,310,410,24583,-1.0,-1.0,-1.0
65219607,310,410,24583,33.832532,-93.393829,1000.0
65219606,310,410,24583,-1.0,-1.0,-1.0
64451864,310,410,24583,33.84766,-93.374084,1000.0
64451862,310,410,24583,33.909219,-93.289069,4009.0
65220798,310,410,24583,-1.0,-1.0,-1.0
64452362,310,410,24583,33.95867,-93.223821,4003.0
64452360,310,410,24583,33.99066,-93.189959,9971.0
65220618,310,410,24583,33.99268,-93.187927,1000.0
65220617,310,410,24583,-1.0,-1.0,-1.0
65220616,310,410,24583,34.021904,-93.157845,1000.0
64453898,310,410,24583,34.104624,-93.101362,22669.0
64452873,310,410,24583,34.079362,-93.115181,25721.0
64452872,310,410,24583,34.105017,-93.102419,22685.0
64454078,310,410,24583,34.066476,-93.124562,6430.0
64454076,310,410,24583,34.122908,-93.09074,1000.0
64278204,310,410,24583,34.139093,-93.082173,1000.0
65010109,310,410,24583,34.16389,-93.076426,2345.0
65010108,310,410,24583,34.19162,-93.062199,2459.0
64414653,310,410,24588,34.220068,-93.023781,2860.0
64414480,310,410,24588,34.225562,-93.012892,14296.0
64241935,310,410,24583,34.20776,-93.039703,1000.0
64414473,310,410,24588,34.226775,-93.012167,24779.0
64414472,310,410,24588,34.257782,-92.984212,20497.0
65182218,310,410,24588,-1.0,-1.0,-1.0
64274698,310,410,24588,34.283659,-92.958337,16770.0
64274696,310,410,24588,34.295286,-92.948066,14799.0
65182216,310,410,24588,-1.0,-1.0,-1.0
64413101,310,410,24588,34.393978,-92.82639,28839.0
64414223,310,410,24588,34.319586,-92.929519,10234.0
64413969,310,410,24588,34.326192,-92.921186,29524.0
64414142,310,410,24588,34.336683,-92.913917,2501.0
64414141,310,410,24588,34.352443,-92.89001,1491.0
64414141,310,410,24588,34.352443,-92.89001,1491.0
65064126,310,410,24588,34.413593,-92.790053,27763.0
64413117,310,410,24588,34.391673,-92.837081,12980.0
66067902,310,410,24588,-1.0,-1.0,-1.0
65064124,310,410,24588,34.383585,-92.829273,5346.0
66067900,310,410,24588,34.590195,-92.569237,1000.0
64296894,310,410,24588,34.503262,-92.692132,12254.0
64296893,310,410,24588,34.550279,-92.623311,12891.0
64296892,310,410,24588,34.529743,-92.634197,21343.0
64407998,310,410,24588,34.517048,-92.681598,18007.0
64256958,310,410,24588,34.584103,-92.568748,1000.0
64407997,310,410,24588,34.541078,-92.665052,13493.0
65175230,310,410,24588,34.57234,-92.611645,23272.0
64256777,310,410,24588,34.556615,-92.631134,18697.0
65175050,310,410,24588,34.565353,-92.630004,19062.0
65039370,310,410,24588,34.564307,-92.624461,19329.0
64407817,310,410,24588,34.558199,-92.638366,18036.0
65175049,310,410,24588,34.577455,-92.608571,23419.0
65039368,310,410,24588,34.579723,-92.604754,23710.0
65175048,310,410,24588,34.887455,-92.374657,1000.0
66381322,310,410,24588,34.578623,-92.61575,22749.0
66501642,310,410,24588,34.483205,-93.040457,5038.0
66501641,310,410,24588,34.483205,-93.040457,5038.0
65034250,310,410,24588,34.553271,-92.783056,25230.0
66430473,310,410,24588,34.605553,-92.548588,28442.0
65034248,310,410,24588,34.540171,-92.950343,12864.0
65221386,310,410,24588,34.600323,-92.557835,23721.0
66430472,310,410,24588,34.544478,-92.90865,14054.0
65221384,310,410,24588,34.53283,-92.892753,24123.0
64453130,310,410,24594,34.623488,-92.487966,15425.0
64453136,310,410,24594,34.638861,-92.444728,26787.0
64453136,310,410,24594,34.638861,-92.444728,26787.0
65221333,310,410,24594,34.64224,-92.440661,4906.0
65221309,310,410,24594,34.599832,-92.51713,17046.0
66081981,310,410,24594,34.482572,-93.008217,2724.0
65158590,310,410,24594,34.643077,-92.439039,9512.0
65031613,310,410,24594,34.627137,-92.477904,5541.0
64390417,310,410,24594,34.655516,-92.408171,18121.0
64390415,310,410,24594,34.664823,-92.395828,18323.0
65158423,310,410,24594,34.666405,-92.38511,5854.0
65158680,310,410,24594,34.670485,-92.379892,17332.0
65158679,310,410,24594,34.672981,-92.370016,18263.0
66182936,310,410,24594,-1.0,-1.0,-1.0
64391063,310,410,24594,34.66916,-92.370868,7168.0
66182921,310,410,24594,34.676098,-92.354391,9325.0
66309386,310,410,24594,34.688083,-92.325188,7647.0
66309384,310,410,24594,34.681937,-92.320795,7982.0
65128457,310,410,24594,-1.0,-1.0,-1.0
64391177,310,410,24589,34.691944,-92.305524,8877.0
64391176,310,410,24589,34.702782,-92.2965,7433.0
66309642,310,410,24589,34.706836,-92.290267,4253.0
66309641,310,410,24589,34.918606,-92.397026,4020.0
64388362,310,410,24589,34.721585,-92.261332,8275.0
65152265,310,410,24589,34.73774,-92.274351,8413.0
64388361,310,410,24589,34.723842,-92.233061,21021.0
64382218,310,410,24589,34.72401,-92.237668,21230.0
65029897,310,410,24589,34.753052,-92.162987,1000.0
64382217,310,410,24589,34.723924,-92.210949,20022.0
65751359,310,410,24589,34.703193,-92.210222,8300.0
66305289,310,410,24589,34.718185,-92.184239,4223.0
65751139,310,410,24589,34.769951,-92.163597,1000.0
64267530,310,410,24589,34.731337,-92.139965,26456.0
64359178,310,410,24589,34.735112,-92.171412,9080.0
64359177,310,410,24589,34.744555,-92.163192,8972.0
64359176,310,410,24589,34.766139,-92.168901,16476.0
65153546,310,410,24589,34.778773,-92.158871,1000.0
65153544,310,410,24589,34.892342,-92.078624,14237.0
64267018,310,410,24589,34.78318,-92.143986,3503.0
64267016,310,410,24589,34.785316,-92.120588,17428.0
64408074,310,410,24589,34.783946,-92.099776,15563.0
64985866,310,410,24586,-1.0,-1.0,-1.0
64408073,310,410,24589,34.795786,-92.0272,7035.0
64270608,310,410,24589,34.799555,-91.995717,26819.0
64270601,310,410,24589,34.800563,-92.009158,9892.0
64270601,310,410,24589,34.800563,-92.009158,9892.0
64408073,310,410,24589,34.795786,-92.0272,7035.0
65027594,310,410,24589,34.806549,-91.941167,8327.0
65027608,310,410,24589,34.802858,-91.978634,9437.0
64259601,310,410,24589,34.80526,-91.928126,8177.0
66127368,310,410,24589,34.803746,-91.919702,1673.0
64219144,310,410,24589,34.803723,-91.907511,1000.0
65027593,310,410,24589,34.804182,-91.880655,1459.0
65027773,310,410,24589,34.802908,-91.864477,6796.0
64991678,310,410,24589,34.798626,-91.800354,1000.0
66127548,310,410,24589,-1.0,-1.0,-1.0
64991498,310,410,24589,34.800455,-91.824649,2713.0
65217546,310,410,24589,34.810632,-91.814132,15605.0
64223505,310,410,24589,34.799068,-91.807649,2014.0
64449553,310,410,24589,34.801538,-91.790102,22583.0
64259600,310,410,24589,34.802864,-91.858375,24372.0
64223503,310,410,24589,34.799214,-91.761939,3146.0
64991676,310,410,24589,34.799511,-91.757339,1000.0
65217724,310,410,24589,34.802627,-91.707469,1406.0
64991677,310,410,24589,-1.0,-1.0,-1.0
64449748,310,410,24589,34.80906,-91.67161,11733.0
64449551,310,410,24589,34.804068,-91.692101,13653.0
66345662,310,410,24589,34.818336,-91.6185,2007.0
65193150,310,410,24589,34.818682,-91.537071,1000.0
66345482,310,410,24589,34.817377,-91.631485,8286.0
66345481,310,410,24589,34.819211,-91.571914,1000.0
66345481,310,410,24589,34.819211,-91.571914,1000.0
65192970,310,410,24589,34.818632,-91.605687,4688.0
64425111,310,410,24589,34.822363,-91.508832,9330.0
64425109,310,410,24589,34.826214,-91.497795,1000.0
65192968,310,410,24589,34.837537,-91.472355,22977.0
65216778,310,410,24589,34.842375,-91.446018,1000.0
64448785,310,410,24589,34.832295,-91.492487,21070.0
65216776,310,410,24589,-1.0,-1.0,-1.0
65216777,310,410,24589,-1.0,-1.0,-1.0
64408337,310,410,24589,34.879092,-91.269607,18872.0
64255249,310,410,24589,-1.0,-1.0,-1.0
64294929,310,410,24589,34.898548,-91.239367,23900.0
64294927,310,410,24589,34.911004,-91.190676,6653.0
64295124,310,410,24589,34.908354,-91.208546,1000.0
64294935,310,410,24589,34.912716,-91.17025,1000.0
64294934,310,410,24589,34.909685,-91.191224,2334.0
64292374,310,410,24589,34.898506,-91.220758,6272.0
64255254,310,410,24589,34.915859,-91.161602,1000.0
64294168,310,410,24589,34.922731,-91.13503,3949.0
64294318,310,410,24589,34.883882,-91.2471,15298.0
64294161,310,410,24589,34.923736,-91.130737,15553.0
64294159,310,410,24589,34.942356,-91.05788,19620.0
64294316,310,410,24589,34.94267,-91.055178,19377.0
64294152,310,410,24589,34.950281,-91.028024,3329.0
66415113,310,410,24589,34.96402,-90.98303,3911.0
64367254,310,410,24589,34.93792,-91.075221,10292.0
64367254,310,410,24589,34.93792,-91.075221,10292.0
64294166,310,410,24589,34.937646,-91.070756,3743.0
66415293,310,410,24589,-1.0,-1.0,-1.0
64367317,310,410,24589,34.951377,-91.025089,5101.0
64367318,310,410,24589,34.966833,-90.974225,3421.0
64367316,310,410,24589,34.993273,-90.88129,3101.0
64367119,310,410,24589,34.987668,-90.900402,17559.0
66415112,310,410,24589,34.998046,-90.870104,7864.0
66415292,310,410,24589,-1.0,-1.0,-1.0
64992702,310,410,24589,-1.0,-1.0,-1.0
64224529,310,410,24589,35.012027,-90.840466,1441.0
64205585,310,410,24589,35.015563,-90.834935,1184.0
64294417,310,410,24589,35.015257,-90.834921,19716.0
64973578,310,410,24589,35.018234,-90.830532,1488.0
64973577,310,410,24589,35.031366,-90.807494,2051.0
66340618,310,410,24589,35.041615,-90.781197,1000.0
66340616,310,410,24589,-1.0,-1.0,-1.0
65063177,310,410,24589,35.066531,-90.67347,5843.0
65159432,310,410,24589,35.047666,-90.703172,1689.0
64391636,310,410,24589,35.068878,-90.670151,1000.0
64292820,310,410,24589,35.032585,-90.7285,1000.0
65063381,310,410,24589,35.085605,-90.643121,1772.0
64295318,310,410,24589,35.061342,-90.681068,6842.0
64295317,310,410,24589,35.099317,-90.606104,7595.0
65198782,310,410,24589,35.131425,-90.508074,1000.0
65063356,310,410,24589,35.115336,-90.557829,6711.0
1298690,310,320,44203,-1.0,-1.0,-1.0
1287946,310,320,44203,-1.0,-1.0,-1.0
1298698,310,320,44203,-1.0,-1.0,-1.0
1287950,310,320,44203,-1.0,-1.0,-1.0
1298702,310,320,44203,-1.0,-1.0,-1.0
1349121,310,320,44203,-1.0,-1.0,-1.0
1287938,310,320,44203,-1.0,-1.0,-1.0
1287937,310,320,44203,-1.0,-1.0,-1.0
1287949,310,320,44203,-1.0,-1.0,-1.0
1291011,310,320,44403,36.751978,-108.362724,1000.0
1290755,310,320,44403,36.783981,-108.658607,1000.0
1290754,310,320,44403,-1.0,-1.0,-1.0
1291010,310,320,44403,36.750364,-108.35688,3485.0
1291267,310,320,44403,36.732759,-108.226928,1535.0
1286403,310,320,44403,36.68338,-108.09272,1000.0
1316611,310,320,44403,-1.0,-1.0,-1.0
1316609,310,320,44403,-1.0,-1.0,-1.0
1334531,310,320,44403,-1.0,-1.0,-1.0
1334529,310,320,44403,-1.0,-1.0,-1.0
1307394,310,320,44403,36.734299,-108.20668,1000.0
65063356,310,410,24589,35.115336,-90.557829,6711.0
65198782,310,410,24589,35.131425,-90.508074,1000.0
65198780,310,410,24589,35.132823,-90.484972,1000.0
65198781,310,410,24589,35.134307,-90.452999,2376.0
64430805,310,410,24589,35.135314,-90.447167,2302.0
65198615,310,410,24589,-1.0,-1.0,-1.0
43383213,310,410,8706,-1.0,-1.0,-1.0
41335211,310,410,8706,35.146013,-90.379168,4411.0
41292716,310,410,8706,35.140224,-90.400166,8378.0
41328556,310,410,8706,35.155977,-90.265854,4542.0
41307051,310,410,8706,35.154855,-90.244232,25804.0
41307091,310,410,8706,35.15908,-90.229727,1814.0
41328596,310,410,8706,35.157672,-90.241305,5194.0
42986965,310,410,8706,35.167162,-90.203635,3206.0
43335953,310,410,8706,35.151503,-90.206797,5436.0
41341207,310,410,8706,35.173783,-90.217026,5839.0
41245976,310,410,8706,35.163803100586,-90.194320678711,1000.0
41288471,310,410,8706,35.190236,-90.198232,23996.0
42788195,310,410,8706,35.165285,-90.209468,1242.0
42775075,310,410,8706,-1.0,-1.0,-1.0
42986769,310,410,8706,35.163214,-90.211656,25866.0
41220361,310,410,8706,35.166306,-90.186046,8754.0
41245962,310,410,8706,-1.0,-1.0,-1.0
43242768,310,410,8706,35.176378,-90.194061,1000.0
41373194,310,410,8706,35.162951,-90.170096,1000.0
43343626,310,410,8706,35.154879,-90.142241,14871.0
41373192,310,410,8706,35.154586,-90.128004,8223.0
41295624,310,410,8706,35.157897,-90.13549,14936.0
41238794,310,410,8706,-1.0,-1.0,-1.0
41390090,310,410,8706,35.152266,-90.089834,1580.0
43020554,310,410,8706,35.144932,-90.089141,3510.0
43020561,310,410,8706,35.150574,-90.075584,16094.0
43286801,310,410,8706,35.143333,-90.114523,1000.0
43050255,310,410,8706,-1.0,-1.0,-1.0
41258248,310,410,8706,-1.0,-1.0,-1.0
41275658,310,410,8706,35.153372,-90.057164,5501.0
41275656,310,410,8706,35.15245,-90.040626,4321.0
41322248,310,410,8712,35.150794,-90.039711,19210.0
42858256,310,410,8712,35.143186,-90.028096,2477.0
41236149,310,410,8712,35.1419,-90.01374,4805.0
41322421,310,410,8712,35.149306,-90.030163,1000.0
41322421,310,410,8712,35.149306,-90.030163,1000.0
41225910,310,410,8712,35.148298,-90.022043,5636.0
41236149,310,410,8712,35.1419,-90.01374,4805.0
41225751,310,410,8712,35.149255,-90.022281,6900.0
41225750,310,410,8712,35.163823,-90.01866,7477.0
41225929,310,410,8712,35.155278,-90.015168,1000.0
41232585,310,410,8706,35.174046,-90.014578,3454.0
43273877,310,410,8712,-1.0,-1.0,-1.0
43280533,310,410,8706,35.181889,-90.017849,1000.0
43274647,310,410,8712,35.173359,-89.990082,1000.0
43293200,310,410,8706,35.187065,-90.017504,1000.0
43293376,310,410,8706,-1.0,-1.0,-1.0
43293375,310,410,8706,-1.0,-1.0,-1.0
43268033,310,410,8712,35.192286,-89.983551,2205.0
43274687,310,410,8712,-1.0,-1.0,-1.0
43280657,310,410,8707,35.190581,-89.97356,8436.0
43267885,310,410,8712,35.192081,-89.977705,1537.0
41232664,310,410,8707,35.186857,-89.981921,4749.0
41219862,310,410,8712,35.185689,-89.949269,7159.0
41232663,310,410,8707,35.186515,-89.946008,7466.0
41224728,310,410,8707,35.191162,-89.939662,7215.0
43272917,310,410,8707,35.191255,-89.933109,6787.0
43272916,310,410,8707,-1.0,-1.0,-1.0
43347157,310,410,8707,35.16232,-89.901704,4673.0
43283925,310,410,8707,35.159645,-89.909192,6914.0
43283923,310,410,8707,-1.0,-1.0,-1.0
43009493,310,410,8707,35.163028,-89.867521,1268.0
41217304,310,410,8707,35.162532,-89.868632,8104.0
41217302,310,410,8707,35.168362,-89.851891,8954.0
41266710,310,410,8707,35.176285,-89.85232,4361.0
41226776,310,410,8711,35.166549682617,-89.849624633789,1000.0
41376791,310,410,8711,35.17418,-89.837232,7473.0
41376777,310,410,8711,35.17487,-89.83293,8769.0
41376777,310,410,8711,35.17487,-89.83293,8769.0
41376970,310,410,8711,35.176769,-89.832779,1000.0
41376969,310,410,8711,35.178181,-89.835747,1000.0
41231307,310,410,8711,-1.0,-1.0,-1.0
41231306,310,410,8711,35.162223,-89.821073,2390.0
41231305,310,410,8711,35.190898,-89.798307,1000.0
43058093,310,410,8711,-1.0,-1.0,-1.0
43279275,310,410,8711,35.196537,-89.793236,1000.0
43058091,310,410,8711,-1.0,-1.0,-1.0
43300524,310,410,8711,35.204773,-89.763931,1000.0
43300523,310,410,8711,-1.0,-1.0,-1.0
43386797,310,410,8711,35.203671,-89.771964,6016.0
43301804,310,410,8711,-1.0,-1.0,-1.0
43301805,310,410,8711,35.231543,-89.74934,3573.0
43301803,310,410,8711,-1.0,-1.0,-1.0
41267885,310,410,8711,35.300632,-89.695374,1000.0
41230538,310,410,8711,35.255564,-89.678257,1000.0
41267402,310,410,8711,35.240372,-89.707558,1000.0
41311945,310,410,8711,35.248798,-89.691246,1000.0
43278486,310,410,8711,35.264788,-89.65995,892.0
43278485,310,410,8711,35.27076,-89.648501,1000.0
43343277,310,410,8711,35.341624,-89.534222,6042.0
41307819,310,410,8711,35.29726,-89.602608,4136.0
41218732,310,410,8711,35.321755,-89.568427,4229.0
41218732,310,410,8711,35.321755,-89.568427,4229.0
43343277,310,410,8711,35.341624,-89.534222,6042.0
41218731,310,410,8711,35.343411,-89.530678,1000.0
41295276,310,410,8711,35.374795,-89.459466,1743.0
41365933,310,410,8704,35.382058,-89.436056,1267.0
41365931,310,410,8704,35.393793,-89.409767,6449.0
41755797,310,410,8848,-1.0,-1.0,-1.0
43086858,310,410,8848,36.155103,-86.630264,1000.0
42997513,310,410,8848,-1.0,-1.0,-1.0
43086856,310,410,8848,36.162034,-86.619093,1000.0
42622730,310,410,8848,36.167477,-86.609932,1000.0
43119370,310,410,8848,36.169819,-86.600178,1000.0
42622728,310,410,8848,36.169456,-86.601685,1000.0
43119369,310,410,8848,36.169072,-86.574743,1000.0
41866249,310,410,8848,36.167813,-86.554517,22885.0
43119368,310,410,8848,36.167968,-86.552203,1248.0
43181322,310,410,8852,36.167726,-86.53038,1000.0
41732362,310,410,8852,36.172056,-86.510215,18885.0
43076362,310,410,8852,36.164652,-86.50634,18951.0
41901329,310,410,8852,36.167056,-86.52512,20296.0
41901328,310,410,8852,36.165189,-86.526215,6679.0
43181321,310,410,8852,36.169916,-86.519566,1000.0
41796369,310,410,8852,36.167229,-86.51662,4835.0
43191569,310,410,8852,36.17676,-86.510599,3651.0
43191568,310,410,8852,-1.0,-1.0,-1.0
43191567,310,410,8852,-1.0,-1.0,-1.0
43132945,310,410,8852,36.179582,-86.446674,1266.0
41732374,310,410,8852,36.179081,-86.446096,16920.0
41852952,310,410,8852,36.177753,-86.460388,1000.0
41852951,310,410,8852,36.184731,-86.39518,1000.0
41853207,310,410,8852,36.184705,-86.318384,16269.0
41744151,310,410,8852,-1.0,-1.0,-1.0
42934039,310,410,8852,36.182667,-86.318878,1000.0
41853464,310,410,8852,36.182297,-86.305252,1000.0
41853463,310,410,8852,36.182129,-86.29821,1000.0
41853463,310,410,8852,36.182129,-86.29821,1000.0
43215896,310,410,8852,36.184055,-86.287018,1000.0
43215895,310,410,8852,36.189342,-86.263695,1000.0
41853962,310,410,8852,36.192479,-86.249008,24088.0
43215881,310,410,8852,-1.0,-1.0,-1.0
41817353,310,410,8852,36.219265,-86.256454,12079.0
41853961,310,410,8852,36.190497,-86.18546,13453.0
41853193,310,410,8852,36.183077,-86.34061,20821.0
41744137,310,410,8852,36.1933,-86.286256,13835.0
41850632,310,410,8852,36.343942,-86.407544,15217.0
41867274,310,410,8852,36.207901,-86.203781,1000.0
41854218,310,410,8852,36.179356,-86.146765,1400.0
41854217,310,410,8852,36.170264,-86.11243,2225.0
41936393,310,410,8852,36.172293,-86.10945,9346.0
41730575,310,410,8852,36.187623,-86.163969,11498.0
41936394,310,410,8852,36.17401,-86.072973,3815.0
41936392,310,410,8852,36.173396,-86.035119,5111.0
41936650,310,410,8852,36.177867,-86.005726,1318.0
41936649,310,410,8852,36.17777,-85.954166,3826.0
43227072,310,410,8852,-1.0,-1.0,-1.0
41937089,310,410,8835,36.150789,-85.872486,1000.0
41912855,310,410,8835,-1.0,-1.0,-1.0
41908503,310,410,8835,-1.0,-1.0,-1.0
41912841,310,410,8835,36.14049,-85.422877,1000.0
41908488,310,410,8835,36.14013,-85.433862,2105.0
41912842,310,410,8835,36.141439,-85.426779,6328.0
41912840,310,410,8835,36.131991,-85.364163,20721.0
41912847,310,410,8835,36.142045,-85.383628,22782.0
41912074,310,410,8835,36.142742,-85.367676,1000.0
41912072,310,410,8835,36.132931,-85.341263,1000.0
41911306,310,410,8835,36.140271,-85.307958,5146.0
41911304,310,410,8835,36.139466,-85.274484,1577.0
42150673,310,410,8835,36.136665,-85.264282,1000.0
41911311,310,410,8835,36.137126,-85.275418,24946.0
42150680,310,410,8835,36.129538,-85.258327,1000.0
42150664,310,410,8835,36.076006,-85.20311,4026.0
42067208,310,410,8835,36.068656,-85.177762,3910.0
42020618,310,410,8835,36.051677,-85.156201,10325.0
42020616,310,410,8835,36.03756,-85.116004,7536.0
42020617,310,410,8835,36.038527,-85.112173,10826.0
42028042,310,410,8835,36.030121,-85.100608,20220.0
42027786,310,410,8835,35.979087,-85.011124,20419.0
42028183,310,410,8835,36.005789,-85.054939,1000.0
42028182,310,410,8835,-1.0,-1.0,-1.0
42028181,310,410,8835,35.984647,-85.017447,1691.0
42028040,310,410,8835,35.990423,-85.031018,18234.0
42028296,310,410,8835,35.982489,-85.036908,4531.0
42159369,310,410,8835,35.981991,-85.015213,1000.0
42950037,310,410,8835,-1.0,-1.0,-1.0
42027989,310,410,8835,-1.0,-1.0,-1.0
42027989,310,410,8835,-1.0,-1.0,-1.0
42028499,310,410,8835,-1.0,-1.0,-1.0
42028040,310,410,8835,35.990423,-85.031018,18234.0
42028054,310,410,8835,35.981262,-85.01273,3324.0
43461393,310,410,8835,-1.0,-1.0,-1.0
42027800,310,410,8835,-1.0,-1.0,-1.0
42027798,310,410,8835,-1.0,-1.0,-1.0
42027799,310,410,8835,-1.0,-1.0,-1.0
42027543,310,410,8835,35.968391,-84.992104,1000.0
42042391,310,410,8835,35.939236,-84.929169,1000.0
42042378,310,410,8835,35.945592,-84.940557,10803.0
42042377,310,410,8835,35.925249,-84.911009,7390.0
42027529,310,410,8835,35.915779,-84.901787,1000.0
42027528,310,410,8835,35.895508,-84.847385,1000.0
42067722,310,410,8849,35.884662,-84.821635,1000.0
42067720,310,410,8849,35.890496,-84.801009,2134.0
42093322,310,410,8849,35.899023,-84.781859,1428.0
42093320,310,410,8849,35.895907,-84.735732,2451.0
42028808,310,410,9093,35.892505,-84.686777,3598.0
42041866,310,410,9093,35.895052,-84.698994,9878.0
42041873,310,410,9093,35.893927,-84.695068,16964.0
42042049,310,410,9093,-1.0,-1.0,-1.0
42041872,310,410,9093,35.878243,-84.690654,17601.0
42123537,310,410,9093,35.892826,-84.670344,19193.0
42028815,310,410,9093,35.878606,-84.67655,3374.0
42123703,310,410,9093,35.894062,-84.664375,1000.0
42123701,310,410,9093,-1.0,-1.0,-1.0
42021815,310,410,9093,35.899345,-84.639877,1000.0
42021825,310,410,9093,35.901711,-84.629234,1000.0
42021823,310,410,9093,-1.0,-1.0,-1.0
41998529,310,410,9093,35.899529,-84.553192,1000.0
41998528,310,410,9093,35.893082,-84.544212,1000.0
42106559,310,410,9093,35.887367,-84.52034,1000.0
42106561,310,410,9093,35.877377,-84.502426,1000.0
42021569,310,410,9093,35.872295,-84.495033,1000.0
42021567,310,410,9093,35.873348,-84.458038,1000.0
42021568,310,410,9093,35.866695,-84.434258,1000.0
41998273,310,410,9093,-1.0,-1.0,-1.0
42021392,310,410,9093,35.868211,-84.438294,19489.0
42095120,310,410,9093,35.868,-84.327196,9108.0
42066191,310,410,9093,35.866507,-84.414098,21670.0
41998097,310,410,9093,35.864699,-84.415894,13594.0
41998096,310,410,9093,35.872115,-84.388815,23835.0
41998096,310,410,9093,35.872115,-84.388815,23835.0
41998089,310,410,9093,35.869506,-84.378574,3204.0
41998103,310,410,9093,-1.0,-1.0,-1.0
42006552,310,410,9106,-1.0,-1.0,-1.0
42065942,310,410,9106,35.874096,-84.322998,1000.0
42102955,310,410,9106,35.868923,-84.29808,1000.0
42102792,310,410,9106,35.8713,-84.259324,8003.0
42037258,310,410,9106,35.874968,-84.244293,4915.0
42006537,310,410,9106,35.869354,-84.299975,6504.0
43061265,310,410,9106,35.87048,-84.242496,9214.0
42102799,310,410,9106,35.870584,-84.25768,11212.0
42037256,310,410,9106,35.884462,-84.222736,9664.0
42064650,310,410,9105,-1.0,-1.0,-1.0
42065929,310,410,9106,35.88986,-84.209933,1031.0
42088713,310,410,9105,35.888376,-84.213788,2098.0
41991946,310,410,9105,35.893172,-84.197115,2407.0
41991944,310,410,9105,35.897142,-84.181124,3086.0
41991945,310,410,9105,35.897259,-84.178966,1000.0
42074633,310,410,9105,35.899755,-84.169751,2121.0
41995786,310,410,9105,35.901755,-84.160345,6188.0
42064649,310,410,9105,35.903793,-84.110039,1000.0
41995785,310,410,9105,35.907557,-84.134569,8270.0
42938641,310,410,9105,35.910999,-84.123772,1000.0
42003727,310,410,9105,35.911572,-84.117739,8822.0
42938640,310,410,9105,35.902913,-84.107807,1466.0
43001361,310,410,9105,35.913366,-84.111192,8416.0
43001360,310,410,9105,35.918759,-84.088658,1000.0
42028553,310,410,9105,35.920567,-84.080532,2020.0
42007562,310,410,9105,35.923084,-84.0676,6694.0
42007560,310,410,9105,35.927285,-84.051887,1675.0
41991433,310,410,9105,35.908176,-84.111908,1995.0
42090760,310,410,9105,35.930194,-84.033855,7264.0
42701923,310,410,9105,35.932637,-84.024563,1312.0
42007050,310,410,9094,35.936303,-84.024117,7572.0
42007048,310,410,9094,35.943339,-84.002547,8968.0
41986058,310,410,9094,35.956145,-83.968701,7618.0
41987337,310,410,9094,35.956685,-83.974057,9373.0
43011344,310,410,9094,-1.0,-1.0,-1.0
43158545,310,410,9094,-1.0,-1.0,-1.0
42983185,310,410,9094,35.96125,-83.949632,2061.0
42983184,310,410,9094,35.962395,-83.943344,1000.0
43200529,310,410,9094,35.965838,-83.933328,1000.0
43200527,310,410,9094,35.970515,-83.92553,1000.0
43265041,310,410,9094,35.976884,-83.922086,1955.0
43131153,310,410,9094,35.969576,-83.923547,3283.0
41985048,310,410,9094,35.978612,-83.922633,1793.0
41986328,310,410,9094,35.987068,-83.922838,2012.0
41985046,310,410,9094,35.988413,-83.920112,1000.0
41986326,310,410,9094,-1.0,-1.0,-1.0
41987864,310,410,9095,36.004091,-83.876575,1901.0
41987862,310,410,9095,36.017278,-83.859495,1000.0
41987863,310,410,9095,35.984035,-83.607086,1000.0
42000408,310,410,9095,36.004273,-83.783965,8321.0
42006296,310,410,9095,36.008698,-83.824404,1459.0
42053526,310,410,9095,35.978188,-83.593822,21206.0
42001335,310,410,9095,35.98686,-83.629772,4721.0
42011061,310,410,9095,35.987155,-83.583673,1000.0
42069687,310,410,9112,-1.0,-1.0,-1.0
42005687,310,410,9112,36.005935,-83.531963,8450.0
42069685,310,410,9112,-1.0,-1.0,-1.0
42914495,310,410,9112,-1.0,-1.0,-1.0
42083756,310,410,9112,-1.0,-1.0,-1.0
42086922,310,410,9112,36.018501,-83.492875,2863.0
42086921,310,410,9112,36.029233,-83.459803,13545.0
42005514,310,410,9112,36.03112,-83.459502,21557.0
42005513,310,410,9112,36.049663,-83.419001,9273.0
42005676,310,410,9112,36.041388,-83.433375,2663.0
42002349,310,410,9112,36.042006,-83.432572,2104.0
42010539,310,410,9112,36.046969,-83.422574,4123.0
42010029,310,410,9112,36.057419,-83.404472,1000.0
42002347,310,410,9112,36.113803,-83.33225,11143.0
42002348,310,410,9112,-1.0,-1.0,-1.0
42035977,310,410,9112,36.050373,-83.361061,22710.0
42035978,310,410,9112,36.053886,-83.371558,21953.0
42035976,310,410,9112,36.035497,-83.324732,3550.0
1307394,310,320,44403,36.734299,-108.20668,1000.0
1334529,310,320,44403,-1.0,-1.0,-1.0
1307393,310,320,44403,36.814133,-108.0784,1000.0
1301763,310,320,44403,-1.0,-1.0,-1.0
1301761,310,320,44403,36.814121,-108.078239,1000.0
120544661,310,410,33028,-1.0,-1.0,-1.0
120544662,310,410,33028,-1.0,-1.0,-1.0
120543639,310,410,33028,-1.0,-1.0,-1.0
120543125,310,410,33028,-1.0,-1.0,-1.0
120544918,310,410,33028,-1.0,-1.0,-1.0
120543248,310,410,33028,-1.0,-1.0,-1.0
120544528,310,410,33028,-1.0,-1.0,-1.0
120544521,310,410,33028,-1.0,-1.0,-1.0
120542984,310,410,33028,-1.0,-1.0,-1.0
120542473,310,410,33028,36.731995,-108.189117,1000.0
120541704,310,410,33028,-1.0,-1.0,-1.0
120543754,310,410,33028,-1.0,-1.0,-1.0
120543753,310,410,33028,36.703842,-108.104439,1000.0
120991752,310,410,33028,-1.0,-1.0,-1.0
120538122,310,410,33028,-1.0,-1.0,-1.0
121856534,310,410,33028,-1.0,-1.0,-1.0
121856536,310,410,33028,36.699268,-108.086563,1000.0
120543767,310,410,33028,-1.0,-1.0,-1.0
120538136,310,410,33028,-1.0,-1.0,-1.0
120391959,310,410,33028,36.701214,-108.036499,1000.0
120537880,310,410,33028,36.704681,-108.02639,1000.0
20600086,310,410,9888,35.550597,-82.926711,10942.0
20592565,310,410,9888,35.552432,-82.861289,13832.0
20600243,310,410,9888,35.539724,-82.91356,1772.0
20597684,310,410,9888,35.551851,-82.865154,13532.0
22643125,310,410,9888,-1.0,-1.0,-1.0
20592564,310,410,9888,35.545618,-82.813187,2052.0
22643123,310,410,9888,-1.0,-1.0,-1.0
20590005,310,410,9888,35.541006,-82.798969,2229.0
20590003,310,410,9888,35.540687,-82.774203,2101.0
22632885,310,410,9888,-1.0,-1.0,-1.0
22632884,310,410,9888,-1.0,-1.0,-1.0
22632883,310,410,9888,-1.0,-1.0,-1.0
20899593,310,410,9865,35.554832,-82.679876,1204.0
20584712,310,410,9888,35.553518,-82.709736,3283.0
20495114,310,410,9865,35.556764,-82.66103,2471.0
20495285,310,410,9865,35.556806,-82.661172,3808.0
20495283,310,410,9865,35.559672,-82.642499,1000.0
20897205,310,410,9865,35.552267,-82.612164,1469.0
20897203,310,410,9865,35.55757,-82.599189,1000.0
21265843,310,410,9865,35.558339,-82.619529,6022.0
22796725,310,410,9865,-1.0,-1.0,-1.0
22796724,310,410,9865,-1.0,-1.0,-1.0
22742801,310,410,9865,-1.0,-1.0,-1.0
22745361,310,410,9865,-1.0,-1.0,-1.0
22742965,310,410,9865,-1.0,-1.0,-1.0
22742800,310,410,9865,-1.0,-1.0,-1.0
22742934,310,410,9865,-1.0,-1.0,-1.0
22765975,310,410,9865,-1.0,-1.0,-1.0
20561844,310,410,9865,35.563035,-82.5377,2388.0
22766005,310,410,9865,-1.0,-1.0,-1.0
22766004,310,410,9865,-1.0,-1.0,-1.0
20648885,310,410,9865,35.57812,-82.471543,2068.0
20648883,310,410,9865,35.589338,-82.458459,7089.0
23034805,310,410,9865,-1.0,-1.0,-1.0
20648884,310,410,9865,35.591549,-82.434817,15188.0
20648854,310,410,9865,35.591261,-82.437158,6525.0
197716156,310,410,9891,-1.0,-1.0,-1.0
197640123,310,410,9857,35.724344,-81.729698,2572.0
197640116,310,410,9857,35.752343,-81.708869,3717.0
197661109,310,410,9857,35.740774,-81.711958,2806.0
197661107,310,410,9857,35.720878,-81.695542,1420.0
197635509,310,410,9857,35.726792,-81.699487,2040.0
197635508,310,410,9857,35.72227,-81.688332,1529.0
197648649,310,410,9857,35.724194,-81.653565,5703.0
197648663,310,410,9857,35.722573,-81.653951,3246.0
197635594,310,410,9857,35.728082,-81.619108,7528.0
197635735,310,410,9857,35.731325,-81.614079,1000.0
197635734,310,410,9857,-1.0,-1.0,-1.0
197635991,310,410,9857,35.742114,-81.532775,2857.0
197654025,310,410,9857,35.719563,-81.663971,1000.0
197636106,310,410,9857,35.7129,-81.453183,19045.0
197635850,310,410,9857,35.732478,-81.522769,12376.0
197635849,310,410,9857,35.722467,-81.478163,16777.0
197653770,310,410,9857,35.718803,-81.464291,1883.0
197636105,310,410,9857,35.70216,-81.399816,6661.0
197638154,310,410,9857,35.707316,-81.382547,8037.0
197632266,310,410,9857,35.708322,-81.343892,8809.0
197638152,310,410,9857,35.707565,-81.358561,9851.0
197632265,310,410,9857,35.699132,-81.300375,7169.0
199505681,310,410,9857,-1.0,-1.0,-1.0
199505680,310,410,9857,-1.0,-1.0,-1.0
199505814,310,410,9857,-1.0,-1.0,-1.0
198001161,310,410,9862,-1.0,-1.0,-1.0
197903896,310,410,9862,35.934757,-80.574698,19185.0
197904067,310,410,9862,-1.0,-1.0,-1.0
197926083,310,410,9862,-1.0,-1.0,-1.0
197904065,310,410,9862,-1.0,-1.0,-1.0
197903887,310,410,9862,35.958351,-80.534591,12280.0
197925905,310,410,9862,35.966679,-80.517429,5663.0
197925903,310,410,9862,35.98582,-80.495104,9487.0
199266064,310,410,9862,-1.0,-1.0,-1.0
197994257,310,410,9862,35.988348,-80.497405,11275.0
197903633,310,410,9862,35.996184,-80.475522,13062.0
199266221,310,410,9862,-1.0,-1.0,-1.0
197903767,310,410,9862,36.002438,-80.459052,2918.0
197903765,310,410,9862,36.004193,-80.452393,1000.0
197903766,310,410,9862,36.008857,-80.436272,1000.0
198014216,310,410,9863,-1.0,-1.0,-1.0
197903370,310,410,9863,36.02675,-80.393633,8994.0
197903384,310,410,9863,36.03061,-80.391432,14949.0
197903382,310,410,9863,36.049629,-80.367316,8456.0
199644353,310,410,9863,-1.0,-1.0,-1.0
199259843,310,410,9871,-1.0,-1.0,-1.0
199259841,310,410,9871,-1.0,-1.0,-1.0
199193794,310,410,9871,36.068911,-80.315361,1000.0
197913609,310,410,9871,36.069587,-80.319385,1218.0
197960456,310,410,9871,36.068339,-80.314088,5346.0
197960457,310,410,9871,36.064056,-80.29663,6332.0
198039817,310,410,9871,36.061003,-80.298832,8193.0
197972746,310,410,9871,36.062187,-80.281736,1000.0
197926408,310,410,9871,36.075294,-80.131912,1000.0
197972745,310,410,9871,36.062473,-80.269756,1194.0
197889034,310,410,9871,36.063203,-80.26756,1000.0
197947400,310,410,9871,36.071744,-80.254856,2962.0
199373841,310,410,9871,36.061593,-80.274117,1000.0
199373998,310,410,9871,-1.0,-1.0,-1.0
199373996,310,410,9871,-1.0,-1.0,-1.0
199373997,310,410,9871,-1.0,-1.0,-1.0
199483821,310,410,9871,-1.0,-1.0,-1.0
199424942,310,410,9871,36.040413,-80.255928,1000.0
199318444,310,410,9871,-1.0,-1.0,-1.0
199507116,310,410,9871,-1.0,-1.0,-1.0
197890584,310,410,9871,36.061612,-80.190881,7527.0
199401111,310,410,9871,-1.0,-1.0,-1.0
199507093,310,410,9871,-1.0,-1.0,-1.0
199401109,310,410,9871,-1.0,-1.0,-1.0
199401110,310,410,9871,-1.0,-1.0,-1.0
199191191,310,410,9879,-1.0,-1.0,-1.0
197911050,310,410,9879,36.07607,-80.128578,9487.0
197911049,310,410,9879,36.074932,-80.123876,9107.0
197893898,310,410,9879,36.079832,-80.008345,9911.0
197890569,310,410,9871,36.071475,-80.151316,3116.0
197893897,310,410,9879,36.083267,-80.078795,11069.0
199527575,310,410,9866,-1.0,-1.0,-1.0
199527574,310,410,9866,36.063911,-79.530225,1000.0
199373207,310,410,9866,36.063617,-79.531803,6547.0
197991433,310,410,9866,36.062989,-79.538965,2310.0
198144265,310,410,9866,36.067158,-79.50567,2278.0
198145546,310,410,9866,36.06975,-79.4946,20256.0
198147338,310,410,9866,36.067181,-79.475283,1127.0
198147336,310,410,9866,36.064851,-79.453036,3884.0
198151434,310,410,9866,36.063078,-79.43756,4067.0
198151433,310,410,9866,36.063655,-79.4239,1813.0
199629839,310,410,9866,36.061555,-79.410332,7732.0
199630017,310,410,9866,-1.0,-1.0,-1.0
199630018,310,410,9866,36.062873,-79.384514,1000.0
199399363,310,410,9866,36.068408,-79.365589,1178.0
199399362,310,410,9866,36.067967,-79.337758,1406.0
198144777,310,410,9866,36.066046,-79.334437,2831.0
198154507,310,410,9866,36.066507,-79.315705,920.0
198154504,310,410,9866,36.068617,-79.30243,1000.0
198154505,310,410,9866,36.067108,-79.293986,1150.0
195271861,310,410,9988,36.070495,-79.281357,15310.0
195271831,310,410,9988,36.072721,-79.270112,6425.0
195271859,310,410,9988,36.076003,-79.260356,1119.0
194751155,310,410,9988,36.078483,-79.216794,1000.0
195390993,310,410,9988,36.075711,-79.194548,2412.0
196542992,310,410,9988,36.077563,-79.208958,747.0
195390986,310,410,9988,36.076012,-79.196653,2415.0
195390985,310,410,9988,36.071477,-79.160958,4135.0
194663946,310,410,9988,36.060829,-79.133607,1637.0
194958353,310,410,9988,36.041614,-79.113157,8105.0
194958346,310,410,9988,36.042258,-79.110884,1173.0
194958344,310,410,9988,36.035492,-79.096523,1605.0
194958352,310,410,9988,36.030269,-79.091676,7892.0
195731471,310,410,9988,36.01277,-79.086311,6973.0
196732433,310,410,9988,36.019462,-79.0879,6859.0
195731464,310,410,9988,36.012145,-79.084318,2348.0
195731465,310,410,9988,35.992219,-79.075707,683.0
194681864,310,410,9988,35.971052,-79.056852,2455.0
194669071,310,410,9988,35.983249,-79.073503,870.0
194669072,310,410,9988,35.972634,-79.061508,9094.0
196985871,310,410,9988,35.96595,-79.041468,9766.0
197116845,310,410,9995,35.827128,-78.755446,1134.0
197014188,310,410,9995,35.823651,-78.749241,1123.0
197014189,310,410,9995,35.817361,-78.741603,8921.0
197014190,310,410,9995,35.811274,-78.738925,1000.0
196632748,310,410,9995,35.806609,-78.736705,1251.0
196632750,310,410,9995,35.796817,-78.743062,1882.0
196886188,310,410,9995,35.795251,-78.743493,1000.0
196886189,310,410,9995,35.786439,-78.747077,2348.0
196883628,310,410,9995,35.772387,-78.741105,5901.0
196883630,310,410,9995,35.757964,-78.740529,9203.0
195255313,310,410,9995,35.767867,-78.731623,1504.0
196883471,310,410,9995,35.774508,-78.742907,1316.0
196883473,310,410,9995,35.766612,-78.738358,774.0
197011471,310,410,9995,35.865633,-78.825808,6021.0
197111982,310,410,9995,35.762004,-78.737651,942.0
197011629,310,410,9995,35.753119,-78.742879,8620.0
197011628,310,410,9995,35.762509,-78.745059,1000.0
195255311,310,410,9995,35.776484,-78.710705,720.0
195255304,310,410,9995,35.777165,-78.710078,4287.0
194694666,310,410,9995,35.782563,-78.702964,5257.0
194694665,310,410,9995,35.786528,-78.698472,5853.0
194571786,310,410,9995,35.780523,-78.710005,8073.0
120537880,310,410,33028,36.704681,-108.02639,1000.0
120538136,310,410,33028,-1.0,-1.0,-1.0
120391959,310,410,33028,36.701214,-108.036499,1000.0
120546071,310,410,33028,36.543903,-107.970711,1000.0
120538337,310,410,33028,-1.0,-1.0,-1.0
120546272,310,410,33028,-1.0,-1.0,-1.0
120392160,310,410,33028,-1.0,-1.0,-1.0
120538122,310,410,33028,-1.0,-1.0,-1.0
120546057,310,410,33028,-1.0,-1.0,-1.0
120537866,310,410,33028,-1.0,-1.0,-1.0
121906952,310,410,33028,36.691933,-107.988283,1701.0
120543753,310,410,33028,36.703842,-108.104439,1000.0
120541719,310,410,33028,-1.0,-1.0,-1.0
120537624,310,410,33028,36.543903,-107.970711,1000.0
120537617,310,410,33028,36.552273,-107.976408,24660.0
120991916,310,410,33028,36.569642,-107.989082,11980.0
120541386,310,410,33028,36.368065,-107.822868,1000.0
120538519,310,410,33028,-1.0,-1.0,-1.0
120541199,310,410,33028,37.208357,-108.468456,8941.0
120538385,310,410,33028,36.424569,-107.870243,8088.0
120538384,310,410,33028,36.302389,-107.730125,14684.0
120544271,310,410,33028,36.274219,-107.744929,11429.0
120544264,310,410,33028,36.243367,-107.72443,1000.0
120538377,310,410,33028,-1.0,-1.0,-1.0
120544266,310,410,33028,-1.0,-1.0,-1.0
120544273,310,410,33028,36.243169,-107.723794,1957.0
120544279,310,410,33028,36.259811,-107.629364,1000.0
120544272,310,410,33028,36.249883,-107.67465,4208.0
121059599,310,410,33028,36.233929,-107.577823,6190.0
120538518,310,410,33028,36.323658,-107.781548,1000.0
120997647,310,410,33028,36.232883,-107.559878,1000.0
121059600,310,410,33028,-1.0,-1.0,-1.0
121059600,310,410,33028,-1.0,-1.0,-1.0
120997647,310,410,33028,36.232883,-107.559878,1000.0
120997654,310,410,33028,36.226666,-107.526156,2713.0
120997803,310,410,33028,36.213583,-107.468512,4535.0
120997655,310,410,33028,36.160569,-107.299101,15252.0
120997142,310,410,33028,36.080379,-107.142651,4110.0
120997291,310,410,33028,36.117001,-107.186953,4243.0
120351760,310,410,33028,36.183303,-107.365652,1000.0
120997804,310,410,33028,36.129796,-107.20477,21107.0
120997143,310,410,33028,36.071611,-107.083078,4595.0
120998315,310,410,33028,36.06819,-106.993572,5589.0
120997292,310,410,33028,36.071593,-107.075987,1000.0
120998571,310,410,33028,36.053084,-106.971354,1184.0
120998316,310,410,33028,36.055712,-106.972405,1000.0
120998167,310,410,33028,36.043877,-106.968337,1000.0
120998422,310,410,33028,36.033991,-106.965445,1000.0
120998423,310,410,33028,36.018767,-106.961997,1018.0
120998424,310,410,33028,35.986039,-106.983052,3098.0
120998573,310,410,33028,35.963921,-106.989682,1522.0
120998317,310,410,33028,35.912432,-106.98084,2436.0
121004203,310,410,33028,35.684982,-106.925088,30049.0
120998168,310,410,33028,-1.0,-1.0,-1.0
120998161,310,410,33028,-1.0,-1.0,-1.0
120998827,310,410,33028,35.867899,-106.971165,1777.0
120998678,310,410,33028,35.838184,-106.967716,2019.0
120998679,310,410,33028,35.740794,-106.935756,20863.0
121004054,310,410,33028,35.667409,-106.904535,1000.0
121004203,310,410,33028,35.684982,-106.925088,30049.0
120998828,310,410,33028,35.781498,-106.945637,1000.0
121004047,310,410,33028,35.748839,-106.94041,1000.0
121004055,310,410,33028,35.500657,-106.748828,21404.0
121004204,310,410,33028,35.393355,-106.067184,12237.0
35075,311,40,1133,35.545534,-106.781882,7643.0
35074,311,40,1133,35.504308,-106.745587,6888.0
35073,311,40,1133,-1.0,-1.0,-1.0
120422415,310,410,33025,35.44633,-106.678912,7205.0
120422416,310,410,33025,35.331711,-106.573242,1000.0
120552975,310,410,33025,35.352251,-106.60759,1969.0
120552976,310,410,33025,35.343023,-106.551481,4374.0
120344847,310,410,33025,-1.0,-1.0,-1.0
120344848,310,410,33025,35.306267,-106.548286,1000.0
120371473,310,410,33025,35.294933,-106.564304,2958.0
120330511,310,410,33025,35.304552,-106.55328,1000.0
120371472,310,410,33025,-1.0,-1.0,-1.0
120330512,310,410,33025,35.288984,-106.551356,1000.0
120553487,310,410,33025,-1.0,-1.0,-1.0
120327184,310,410,33025,-1.0,-1.0,-1.0
120330256,310,410,33025,35.215347,-106.574348,1000.0
120614671,310,410,33025,-1.0,-1.0,-1.0
120330519,310,410,33025,35.269425,-106.559107,2664.0
120344856,310,410,33025,-1.0,-1.0,-1.0
120426255,310,410,33045,35.206276,-106.659045,1000.0
120341776,310,410,33025,35.20676,-106.566116,1000.0
120427791,310,410,33025,35.205948,-106.568764,1000.0
120427792,310,410,33025,35.133545,-106.608246,1000.0
120810760,310,410,33025,35.206244,-106.573021,1182.0
120324872,310,410,33025,35.189201,-106.580276,1000.0
120324873,310,410,33025,35.185829,-106.5806,1000.0
120678408,310,410,33025,35.168313,-106.584749,7693.0
120336136,310,410,33025,35.180634,-106.580925,1000.0
120336137,310,410,33025,35.167992,-106.608805,5879.0
120678410,310,410,33025,35.165651,-106.616198,5293.0
120324360,310,410,33025,35.158171,-106.617108,7036.0
120324361,310,410,33025,35.15039,-106.611237,8009.0
120332552,310,410,33025,35.150546,-106.586149,6119.0
120332554,310,410,33025,35.144186,-106.617996,9725.0
120330760,310,410,33025,35.140052,-106.606975,9210.0
120330762,310,410,33025,35.132761,-106.610924,7968.0
120338440,310,410,33025,35.125137,-106.610926,9682.0
120814601,310,410,33025,35.132197,-106.615458,8251.0
120814856,310,410,33025,35.127619,-106.621585,7612.0
120814858,310,410,33025,35.126114,-106.62978,9430.0
120323082,310,410,33025,35.129233,-106.624029,5465.0
120819208,310,410,33025,35.113798,-106.605754,7935.0
120323081,310,410,33025,35.1118,-106.588204,7033.0
120322314,310,410,33025,35.107508,-106.607712,8860.0
120322313,310,410,33025,35.102487,-106.581745,8893.0
120321802,310,410,33025,35.100667,-106.571802,9078.0
120321801,310,410,33025,35.095797,-106.56798,9903.0
120331786,310,410,33025,35.096174,-106.569736,9314.0
120331784,310,410,33025,35.094277,-106.54462,7967.0
120339210,310,410,33025,35.089035,-106.546175,7795.0
120339209,310,410,33025,35.083653,-106.532479,7795.0
120320522,310,410,33025,35.079143,-106.532724,7586.0
120320520,310,410,33025,35.080263,-106.518472,9771.0
120320521,310,410,33025,35.067973,-106.510486,5522.0
120337418,310,410,33025,35.074358,-106.513116,2372.0
120337416,310,410,33025,35.072319,-106.503873,2056.0
120337417,310,410,33025,35.066812,-106.491106,1429.0
120344072,310,410,33025,35.066746,-106.514985,2291.0
120396817,310,410,33025,35.063661,-106.45948,1154.0
120396816,310,410,33025,35.065543,-106.438797,980.0
120397073,310,410,33025,35.071668,-106.419591,7337.0
120397072,310,410,33025,35.079238,-106.405836,880.0
120397329,310,410,33025,35.081275,-106.39329,1364.0
120397327,310,410,33025,35.088773,-106.377669,5535.0
120400145,310,410,33025,35.093416,-106.371418,891.0
120400144,310,410,33025,35.102104,-106.351948,1595.0
121894922,310,410,33025,35.110105,-106.334611,3031.0
121894921,310,410,33025,35.109211,-106.309131,1686.0
120397833,310,410,33025,35.103955,-106.296863,1541.0
120398088,310,410,33025,35.092874,-106.268714,1518.0
120545546,310,410,33025,35.07564,-106.2268,3278.0
120398089,310,410,33025,35.087078,-106.25431,1885.0
120545545,310,410,33025,35.061319,-106.19155,2015.0
