ci,mcc,mnc,tac
116536587,310,410,39177
116537096,310,410,39177
115206408,310,410,39177
202717705,310,410,27654
203290890,310,410,27654
203291414,310,410,27654
203017177,310,410,27651
202490378,310,410,27651
203745752,310,410,27651
203653591,310,410,27651
134100304,310,410,28171
133203863,310,410,28171
133203862,310,410,28171
133203862,310,410,28171
135389847,310,410,28171
135389846,310,410,28171
134723863,310,410,28171
133204814,310,410,28171
133204759,310,410,28171
133205910,310,410,28171
10289958,310,410,28171
10275223,310,410,28171
10275222,310,410,28171
134552358,310,410,28171
10289957,310,410,28171
133186582,310,410,28171
134652694,310,410,28171
135669784,310,410,28171
135669783,310,410,28171
134031896,310,410,28171
134007064,310,410,28171
135669797,310,410,28171
134031882,310,410,28171
134016407,310,410,28171
134031511,310,410,28171
134015381,310,410,28171
135118229,310,410,28171
134014871,310,410,28171
134031510,310,410,28171
134031765,310,410,28171
134031766,310,410,28171
134021144,310,410,28171
134021142,310,410,28171
134021142,310,410,28171
134655511,310,410,28171
134014999,310,410,28171
134551190,310,410,28171
134016151,310,410,28171
10271127,310,410,28171
10271127,310,410,28171
10271126,310,410,28171
133677205,310,410,28170
135070481,310,410,28170
135070681,310,410,28170
135070680,310,410,28170
133673943,310,410,28170
135070614,310,410,28170
133673878,310,410,28170
133541269,310,410,28170
116565521,310,410,39177
116579606,310,410,39177
116565519,310,410,39177
123558091,310,410,33028
0,000,000,0
123558060,310,410,33028
123557911,310,410,33028
123583404,310,410,33028
116579600,310,410,39177
123573264,310,410,33028
123584527,310,410,33028
123573265,310,410,33028
123600330,310,410,33028
123584684,310,410,33028
123584535,310,410,33028
116562860,310,410,39177
123558829,310,410,33028
123578283,310,410,33028
123583255,310,410,33028
123584528,310,410,33028
123559953,310,410,33028
123583248,310,410,33028
133536919,310,410,28170
133740552,310,410,28170
133740553,310,410,28170
135242595,310,410,27173
135242611,310,410,27173
134715405,310,410,27173
133572376,310,410,27173
10512662,310,410,27179
10512648,310,410,27179
133456649,310,410,26884
133456662,310,410,26884
133453599,310,410,26884
133384717,310,410,26884
133453570,310,410,26884
133453569,310,410,26884
134268417,310,410,26884
134268424,310,410,26884
133590536,310,410,26884
133621250,310,410,26884
133725442,310,410,26884
133383696,310,410,26884
135097617,310,410,26884
133725449,310,410,26884
135097629,310,410,26884
133299606,310,410,26884
133718807,310,410,26884
133718807,310,410,26884
133718807,310,410,26884
135346712,310,410,26884
135346712,310,410,26884
134806487,310,410,26884
135623758,310,410,26884
134806578,310,410,26884
135623730,310,410,26884
10286130,310,410,26881
134249266,310,410,26881
133407960,310,410,26881
134275289,310,410,26881
133408777,310,410,26881
133290518,310,410,26881
10315530,310,410,26883
133301009,310,410,26883
133301209,310,410,26883
134720985,310,410,26883
135345488,310,410,26883
135345487,310,410,26883
133533263,310,410,26883
133999950,310,410,26883
135101008,310,410,26883
135101007,310,410,26883
134349392,310,410,26883
134349390,310,410,26883
134349391,310,410,26883
134705425,310,410,26883
135337752,310,410,26883
135337751,310,410,26883
134637848,310,410,26883
134637847,310,410,26883
135100632,310,410,26883
134637833,310,410,26883
134477583,310,410,26883
134587353,310,410,26892
135100432,310,410,26883
134587151,310,410,26892
134222351,310,410,26892
134586895,310,410,26892
133218320,310,410,26892
134222551,310,410,26892
134586902,310,410,26892
65248790,310,410,24580
65219606,310,410,24583
65220798,310,410,24583
65220617,310,410,24583
65182218,310,410,24588
65182216,310,410,24588
66067902,310,410,24588
66127548,310,410,24589
64991677,310,410,24589
65216776,310,410,24589
65216777,310,410,24589
64255249,310,410,24589
66415293,310,410,24589
66415292,310,410,24589
64992702,310,410,24589
66340616,310,410,24589
65198615,310,410,24589
43383213,310,410,8706
42775075,310,410,8706
41245962,310,410,8706
41238794,310,410,8706
43050255,310,410,8706
41258248,310,410,8706
43273877,310,410,8712
43293376,310,410,8706
43293375,310,410,8706
43274687,310,410,8712
43272916,310,410,8707
43283923,310,410,8707
41231307,310,410,8711
43058093,310,410,8711
43058091,310,410,8711
43300523,310,410,8711
43301804,310,410,8711
43301803,310,410,8711
41755797,310,410,8848
42997513,310,410,8848
43191568,310,410,8852
43191567,310,410,8852
41744151,310,410,8852
41912855,310,410,8835
41908503,310,410,8835
42028182,310,410,8835
42950037,310,410,8835
42027989,310,410,8835
41998103,310,410,9093
42006552,310,410,9106
42064650,310,410,9105
43011344,310,410,9094
43158545,310,410,9094
41986326,310,410,9094
42069687,310,410,9112
42069685,310,410,9112
42914495,310,410,9112
42083756,310,410,9112
42002348,310,410,9112
1334529,310,320,44403
1301763,310,320,44403
120544661,310,410,33028
120544662,310,410,33028
120543639,310,410,33028
120543125,310,410,33028
120544918,310,410,33028
120543248,310,410,33028
120544528,310,410,33028
120544521,310,410,33028
120542984,310,410,33028
120541704,310,410,33028
120543754,310,410,33028
120991752,310,410,33028
120538122,310,410,33028
121856534,310,410,33028
120543767,310,410,33028
120538136,310,410,33028
22643125,310,410,9888
22643123,310,410,9888
22632885,310,410,9888
22632884,310,410,9888
22632883,310,410,9888
22796725,310,410,9865
22796724,310,410,9865
22742801,310,410,9865
22745361,310,410,9865
22742965,310,410,9865
22742800,310,410,9865
22742934,310,410,9865
22765975,310,410,9865
22766005,310,410,9865
22766004,310,410,9865
23034805,310,410,9865
197716156,310,410,9891
197635734,310,410,9857
199505681,310,410,9857
199505680,310,410,9857
199505814,310,410,9857
198001161,310,410,9862
197904067,310,410,9862
197926083,310,410,9862
197904065,310,410,9862
199266064,310,410,9862
199266221,310,410,9862
198014216,310,410,9863
199644353,310,410,9863
199259843,310,410,9871
199259841,310,410,9871
199373998,310,410,9871
199373996,310,410,9871
199373997,310,410,9871
199483821,310,410,9871
199318444,310,410,9871
199507116,310,410,9871
199401111,310,410,9871
199507093,310,410,9871
199401109,310,410,9871
199401110,310,410,9871
199191191,310,410,9879
199527575,310,410,9866
199630017,310,410,9866
120538136,310,410,33028
120538337,310,410,33028
120546272,310,410,33028
120392160,310,410,33028
120538122,310,410,33028
120546057,310,410,33028
120537866,310,410,33028
120541719,310,410,33028
120538519,310,410,33028
120538377,310,410,33028
120544266,310,410,33028
121059600,310,410,33028
121059600,310,410,33028
120998168,310,410,33028
120998161,310,410,33028
