"GeoID_Description","GeoID_Name","SitsinState","GeoID","GeoID_Formatted","chu","TimeFrame","GeoVintage","Source","Location"
"Census Tract","35001000107","NM","35001000107","=""35001000107""","1339","2019-2023","2022","Census","New Mexico (State)"
"Census Tract","35001000108","NM","35001000108","=""35001000108""","1365","2019-2023","2022","Census","New Mexico (State)"
"Census Tract","35001000109","NM","35001000109","=""35001000109""","1115","2019-2023","2022","Census","New Mexico (State)"
"Census Tract","35001000110","NM","35001000110","=""35001000110""","2054","2019-2023","2022","Census","New Mexico (State)"
"Census Tract","35001000111","NM","35001000111","=""35001000111""","1138","2019-2023","2022","Census","New Mexico (State)"
"Census Tract","35001000112","NM","35001000112","=""35001000112""","947","2019-2023","2022","Census","New Mexico (State)"
"Census Tract","35001000113","NM","35001000113","=""35001000113""","1582","2019-2023","2022","Census","New Mexico (State)"
"Census Tract","35001000114","NM","35001000114","=""35001000114""","1314","2019-2023","2022","Census","New Mexico (State)"
"Census Tract","35001000115","NM","35001000115","=""35001000115""","1806","2019-2023","2022","Census","New Mexico (State)"
"Census Tract","35001000116","NM","35001000116","=""35001000116""","1452","2019-2023","2022","Census","New Mexico (State)"
"Census Tract","35001000117","NM","35001000117","=""35001000117""","1142","2019-2023","2022","Census","New Mexico (State)"
"Census Tract","35001000118","NM","35001000118","=""35001000118""","1210","2019-2023","2022","Census","New Mexico (State)"
"Census Tract","35001000119","NM","35001000119","=""35001000119""","731","2019-2023","2022","Census","New Mexico (State)"
"Census Tract","35001000120","NM","35001000120","=""35001000120""","1116","2019-2023","2022","Census","New Mexico (State)"
"Census Tract","35001000121","NM","35001000121","=""35001000121""","2553","2019-2023","2022","Census","New Mexico (State)"
"Census Tract","35001000122","NM","35001000122","=""35001000122""","2187","2019-2023","2022","Census","New Mexico (State)"
"Census Tract","35001000123","NM","35001000123","=""35001000123""","2041","2019-2023","2022","Census","New Mexico (State)"
"Census Tract","35001000124","NM","35001000124","=""35001000124""","2628","2019-2023","2022","Census","New Mexico (State)"
"Census Tract","35001000125","NM","35001000125","=""35001000125""","1738","2019-2023","2022","Census","New Mexico (State)"
"Census Tract","35001000126","NM","35001000126","=""35001000126""","1411","2019-2023","2022","Census","New Mexico (State)"
"Census Tract","35001000127","NM","35001000127","=""35001000127""","1154","2019-2023","2022","Census","New Mexico (State)"
"Census Tract","35001000128","NM","35001000128","=""35001000128""","1376","2019-2023","2022","Census","New Mexico (State)"
"Census Tract","35001000129","NM","35001000129","=""35001000129""","2473","2019-2023","2022","Census","New Mexico (State)"
"Census Tract","35001000203","NM","35001000203","=""35001000203""","1050","2019-2023","2022","Census","New Mexico (State)"
"Census Tract","35001000204","NM","35001000204","=""35001000204""","1598","2019-2023","2022","Census","New Mexico (State)"
"Census Tract","35001000205","NM","35001000205","=""35001000205""","1659","2019-2023","2022","Census","New Mexico (State)"
"Census Tract","35001000206","NM","35001000206","=""35001000206""","1339","2019-2023","2022","Census","New Mexico (State)"
"Census Tract","35001000207","NM","35001000207","=""35001000207""","1426","2019-2023","2022","Census","New Mexico (State)"
"Census Tract","35001000208","NM","35001000208","=""35001000208""","1436","2019-2023","2022","Census","New Mexico (State)"
"Census Tract","35001000300","NM","35001000300","=""35001000300""","3021","2019-2023","2022","Census","New Mexico (State)"
"Census Tract","35001000401","NM","35001000401","=""35001000401""","2086","2019-2023","2022","Census","New Mexico (State)"
"Census Tract","35001000402","NM","35001000402","=""35001000402""","1641","2019-2023","2022","Census","New Mexico (State)"
"Census Tract","35001000501","NM","35001000501","=""35001000501""","1650","2019-2023","2022","Census","New Mexico (State)"
"Census Tract","35001000503","NM","35001000503","=""35001000503""","2096","2019-2023","2022","Census","New Mexico (State)"
"Census Tract","35001000504","NM","35001000504","=""35001000504""","806","2019-2023","2022","Census","New Mexico (State)"
"Census Tract","35001000601","NM","35001000601","=""35001000601""","1931","2019-2023","2022","Census","New Mexico (State)"
"Census Tract","35001000603","NM","35001000603","=""35001000603""","2201","2019-2023","2022","Census","New Mexico (State)"
"Census Tract","35001000605","NM","35001000605","=""35001000605""","1869","2019-2023","2022","Census","New Mexico (State)"
"Census Tract","35001000704","NM","35001000704","=""35001000704""","1742","2019-2023","2022","Census","New Mexico (State)"
"Census Tract","35001000711","NM","35001000711","=""35001000711""","2287","2019-2023","2022","Census","New Mexico (State)"
"Census Tract","35001000712","NM","35001000712","=""35001000712""","1951","2019-2023","2022","Census","New Mexico (State)"
"Census Tract","35001000713","NM","35001000713","=""35001000713""","2812","2019-2023","2022","Census","New Mexico (State)"
"Census Tract","35001000714","NM","35001000714","=""35001000714""","2196","2019-2023","2022","Census","New Mexico (State)"
"Census Tract","35001000715","NM","35001000715","=""35001000715""","830","2019-2023","2022","Census","New Mexico (State)"
"Census Tract","35001000716","NM","35001000716","=""35001000716""","1812","2019-2023","2022","Census","New Mexico (State)"
"Census Tract","35001000717","NM","35001000717","=""35001000717""","1017","2019-2023","2022","Census","New Mexico (State)"
"Census Tract","35001000718","NM","35001000718","=""35001000718""","2199","2019-2023","2022","Census","New Mexico (State)"
"Census Tract","35001000719","NM","35001000719","=""35001000719""","1253","2019-2023","2022","Census","New Mexico (State)"
"Census Tract","35001000720","NM","35001000720","=""35001000720""","2167","2019-2023","2022","Census","New Mexico (State)"
"Census Tract","35001000904","NM","35001000904","=""35001000904""","1877","2019-2023","2022","Census","New Mexico (State)"
"Census Tract","35001000905","NM","35001000905","=""35001000905""","861","2019-2023","2022","Census","New Mexico (State)"
"Census Tract","35001000906","NM","35001000906","=""35001000906""","2560","2019-2023","2022","Census","New Mexico (State)"
"Census Tract","35001000907","NM","35001000907","=""35001000907""","1108","2019-2023","2022","Census","New Mexico (State)"
"Census Tract","35001000908","NM","35001000908","=""35001000908""","1990","2019-2023","2022","Census","New Mexico (State)"
"Census Tract","35001001101","NM","35001001101","=""35001001101""","2353","2019-2023","2022","Census","New Mexico (State)"
"Census Tract","35001001102","NM","35001001102","=""35001001102""","1563","2019-2023","2022","Census","New Mexico (State)"
"Census Tract","35001001201","NM","35001001201","=""35001001201""","1983","2019-2023","2022","Census","New Mexico (State)"
"Census Tract","35001001202","NM","35001001202","=""35001001202""","1325","2019-2023","2022","Census","New Mexico (State)"
"Census Tract","35001001300","NM","35001001300","=""35001001300""","1529","2019-2023","2022","Census","New Mexico (State)"
"Census Tract","35001001400","NM","35001001400","=""35001001400""","970","2019-2023","2022","Census","New Mexico (State)"
"Census Tract","35001001500","NM","35001001500","=""35001001500""","1648","2019-2023","2022","Census","New Mexico (State)"
"Census Tract","35001001701","NM","35001001701","=""35001001701""","1189","2019-2023","2022","Census","New Mexico (State)"
"Census Tract","35001001702","NM","35001001702","=""35001001702""","1914","2019-2023","2022","Census","New Mexico (State)"
"Census Tract","35001001800","NM","35001001800","=""35001001800""","562","2019-2023","2022","Census","New Mexico (State)"
"Census Tract","35001002000","NM","35001002000","=""35001002000""","1381","2019-2023","2022","Census","New Mexico (State)"
"Census Tract","35001002100","NM","35001002100","=""35001002100""","1439","2019-2023","2022","Census","New Mexico (State)"
"Census Tract","35001002200","NM","35001002200","=""35001002200""","2437","2019-2023","2022","Census","New Mexico (State)"
"Census Tract","35001002301","NM","35001002301","=""35001002301""","679","2019-2023","2022","Census","New Mexico (State)"
"Census Tract","35001002302","NM","35001002302","=""35001002302""","1342","2019-2023","2022","Census","New Mexico (State)"
"Census Tract","35001002303","NM","35001002303","=""35001002303""","1040","2019-2023","2022","Census","New Mexico (State)"
"Census Tract","35001002401","NM","35001002401","=""35001002401""","1995","2019-2023","2022","Census","New Mexico (State)"
"Census Tract","35001002403","NM","35001002403","=""35001002403""","1580","2019-2023","2022","Census","New Mexico (State)"
"Census Tract","35001002404","NM","35001002404","=""35001002404""","1203","2019-2023","2022","Census","New Mexico (State)"
"Census Tract","35001002700","NM","35001002700","=""35001002700""","2477","2019-2023","2022","Census","New Mexico (State)"
"Census Tract","35001002900","NM","35001002900","=""35001002900""","1731","2019-2023","2022","Census","New Mexico (State)"
"Census Tract","35001003001","NM","35001003001","=""35001003001""","2065","2019-2023","2022","Census","New Mexico (State)"
"Census Tract","35001003002","NM","35001003002","=""35001003002""","1917","2019-2023","2022","Census","New Mexico (State)"
"Census Tract","35001003100","NM","35001003100","=""35001003100""","1341","2019-2023","2022","Census","New Mexico (State)"
"Census Tract","35001003201","NM","35001003201","=""35001003201""","1376","2019-2023","2022","Census","New Mexico (State)"
"Census Tract","35001003202","NM","35001003202","=""35001003202""","2463","2019-2023","2022","Census","New Mexico (State)"
"Census Tract","35001003400","NM","35001003400","=""35001003400""","2091","2019-2023","2022","Census","New Mexico (State)"
"Census Tract","35001003501","NM","35001003501","=""35001003501""","2349","2019-2023","2022","Census","New Mexico (State)"
"Census Tract","35001003502","NM","35001003502","=""35001003502""","2156","2019-2023","2022","Census","New Mexico (State)"
"Census Tract","35001003600","NM","35001003600","=""35001003600""","2675","2019-2023","2022","Census","New Mexico (State)"
"Census Tract","35001003707","NM","35001003707","=""35001003707""","2437","2019-2023","2022","Census","New Mexico (State)"
"Census Tract","35001003712","NM","35001003712","=""35001003712""","2392","2019-2023","2022","Census","New Mexico (State)"
"Census Tract","35001003715","NM","35001003715","=""35001003715""","2089","2019-2023","2022","Census","New Mexico (State)"
"Census Tract","35001003717","NM","35001003717","=""35001003717""","2678","2019-2023","2022","Census","New Mexico (State)"
"Census Tract","35001003718","NM","35001003718","=""35001003718""","1191","2019-2023","2022","Census","New Mexico (State)"
"Census Tract","35001003719","NM","35001003719","=""35001003719""","3132","2019-2023","2022","Census","New Mexico (State)"
"Census Tract","35001003722","NM","35001003722","=""35001003722""","2706","2019-2023","2022","Census","New Mexico (State)"
"Census Tract","35001003723","NM","35001003723","=""35001003723""","3802","2019-2023","2022","Census","New Mexico (State)"
"Census Tract","35001003724","NM","35001003724","=""35001003724""","1594","2019-2023","2022","Census","New Mexico (State)"
"Census Tract","35001003725","NM","35001003725","=""35001003725""","2046","2019-2023","2022","Census","New Mexico (State)"
"Census Tract","35001003726","NM","35001003726","=""35001003726""","1045","2019-2023","2022","Census","New Mexico (State)"
"Census Tract","35001003728","NM","35001003728","=""35001003728""","2407","2019-2023","2022","Census","New Mexico (State)"
"Census Tract","35001003729","NM","35001003729","=""35001003729""","828","2019-2023","2022","Census","New Mexico (State)"
"Census Tract","35001003730","NM","35001003730","=""35001003730""","1840","2019-2023","2022","Census","New Mexico (State)"
"Census Tract","35001003731","NM","35001003731","=""35001003731""","1518","2019-2023","2022","Census","New Mexico (State)"
"Census Tract","35001003733","NM","35001003733","=""35001003733""","1662","2019-2023","2022","Census","New Mexico (State)"
"Census Tract","35001003736","NM","35001003736","=""35001003736""","1250","2019-2023","2022","Census","New Mexico (State)"
"Census Tract","35001003737","NM","35001003737","=""35001003737""","1339","2019-2023","2022","Census","New Mexico (State)"
"Census Tract","35001003738","NM","35001003738","=""35001003738""","2539","2019-2023","2022","Census","New Mexico (State)"
"Census Tract","35001003739","NM","35001003739","=""35001003739""","1117","2019-2023","2022","Census","New Mexico (State)"
"Census Tract","35001003740","NM","35001003740","=""35001003740""","3193","2019-2023","2022","Census","New Mexico (State)"
"Census Tract","35001003741","NM","35001003741","=""35001003741""","848","2019-2023","2022","Census","New Mexico (State)"
"Census Tract","35001003742","NM","35001003742","=""35001003742""","2273","2019-2023","2022","Census","New Mexico (State)"
"Census Tract","35001003743","NM","35001003743","=""35001003743""","2401","2019-2023","2022","Census","New Mexico (State)"
"Census Tract","35001003744","NM","35001003744","=""35001003744""","432","2019-2023","2022","Census","New Mexico (State)"
"Census Tract","35001003745","NM","35001003745","=""35001003745""","565","2019-2023","2022","Census","New Mexico (State)"
"Census Tract","35001003746","NM","35001003746","=""35001003746""","2134","2019-2023","2022","Census","New Mexico (State)"
"Census Tract","35001003803","NM","35001003803","=""35001003803""","1629","2019-2023","2022","Census","New Mexico (State)"
"Census Tract","35001003804","NM","35001003804","=""35001003804""","2447","2019-2023","2022","Census","New Mexico (State)"
"Census Tract","35001003805","NM","35001003805","=""35001003805""","1150","2019-2023","2022","Census","New Mexico (State)"
"Census Tract","35001003806","NM","35001003806","=""35001003806""","1597","2019-2023","2022","Census","New Mexico (State)"
"Census Tract","35001003807","NM","35001003807","=""35001003807""","2378","2019-2023","2022","Census","New Mexico (State)"
"Census Tract","35001004001","NM","35001004001","=""35001004001""","1816","2019-2023","2022","Census","New Mexico (State)"
"Census Tract","35001004300","NM","35001004300","=""35001004300""","2228","2019-2023","2022","Census","New Mexico (State)"
"Census Tract","35001004401","NM","35001004401","=""35001004401""","1064","2019-2023","2022","Census","New Mexico (State)"
"Census Tract","35001004402","NM","35001004402","=""35001004402""","1350","2019-2023","2022","Census","New Mexico (State)"
"Census Tract","35001004501","NM","35001004501","=""35001004501""","1285","2019-2023","2022","Census","New Mexico (State)"
"Census Tract","35001004502","NM","35001004502","=""35001004502""","1226","2019-2023","2022","Census","New Mexico (State)"
"Census Tract","35001004602","NM","35001004602","=""35001004602""","1567","2019-2023","2022","Census","New Mexico (State)"
"Census Tract","35001004603","NM","35001004603","=""35001004603""","1237","2019-2023","2022","Census","New Mexico (State)"
"Census Tract","35001004604","NM","35001004604","=""35001004604""","1606","2019-2023","2022","Census","New Mexico (State)"
"Census Tract","35001004712","NM","35001004712","=""35001004712""","2221","2019-2023","2022","Census","New Mexico (State)"
"Census Tract","35001004713","NM","35001004713","=""35001004713""","2136","2019-2023","2022","Census","New Mexico (State)"
"Census Tract","35001004715","NM","35001004715","=""35001004715""","1529","2019-2023","2022","Census","New Mexico (State)"
"Census Tract","35001004716","NM","35001004716","=""35001004716""","1292","2019-2023","2022","Census","New Mexico (State)"
"Census Tract","35001004720","NM","35001004720","=""35001004720""","1786","2019-2023","2022","Census","New Mexico (State)"
"Census Tract","35001004722","NM","35001004722","=""35001004722""","2577","2019-2023","2022","Census","New Mexico (State)"
"Census Tract","35001004723","NM","35001004723","=""35001004723""","2669","2019-2023","2022","Census","New Mexico (State)"
"Census Tract","35001004724","NM","35001004724","=""35001004724""","1243","2019-2023","2022","Census","New Mexico (State)"
"Census Tract","35001004725","NM","35001004725","=""35001004725""","1550","2019-2023","2022","Census","New Mexico (State)"
"Census Tract","35001004726","NM","35001004726","=""35001004726""","1111","2019-2023","2022","Census","New Mexico (State)"
"Census Tract","35001004727","NM","35001004727","=""35001004727""","745","2019-2023","2022","Census","New Mexico (State)"
"Census Tract","35001004728","NM","35001004728","=""35001004728""","2108","2019-2023","2022","Census","New Mexico (State)"
"Census Tract","35001004729","NM","35001004729","=""35001004729""","2037","2019-2023","2022","Census","New Mexico (State)"
"Census Tract","35001004733","NM","35001004733","=""35001004733""","2322","2019-2023","2022","Census","New Mexico (State)"
"Census Tract","35001004734","NM","35001004734","=""35001004734""","2196","2019-2023","2022","Census","New Mexico (State)"
"Census Tract","35001004735","NM","35001004735","=""35001004735""","563","2019-2023","2022","Census","New Mexico (State)"
"Census Tract","35001004736","NM","35001004736","=""35001004736""","480","2019-2023","2022","Census","New Mexico (State)"
"Census Tract","35001004737","NM","35001004737","=""35001004737""","2942","2019-2023","2022","Census","New Mexico (State)"
"Census Tract","35001004738","NM","35001004738","=""35001004738""","2404","2019-2023","2022","Census","New Mexico (State)"
"Census Tract","35001004739","NM","35001004739","=""35001004739""","2210","2019-2023","2022","Census","New Mexico (State)"
"Census Tract","35001004742","NM","35001004742","=""35001004742""","3028","2019-2023","2022","Census","New Mexico (State)"
"Census Tract","35001004743","NM","35001004743","=""35001004743""","1447","2019-2023","2022","Census","New Mexico (State)"
"Census Tract","35001004744","NM","35001004744","=""35001004744""","2710","2019-2023","2022","Census","New Mexico (State)"
"Census Tract","35001004745","NM","35001004745","=""35001004745""","2340","2019-2023","2022","Census","New Mexico (State)"
"Census Tract","35001004747","NM","35001004747","=""35001004747""","2040","2019-2023","2022","Census","New Mexico (State)"
"Census Tract","35001004749","NM","35001004749","=""35001004749""","2094","2019-2023","2022","Census","New Mexico (State)"
"Census Tract","35001004750","NM","35001004750","=""35001004750""","2579","2019-2023","2022","Census","New Mexico (State)"
"Census Tract","35001004752","NM","35001004752","=""35001004752""","1607","2019-2023","2022","Census","New Mexico (State)"
"Census Tract","35001004753","NM","35001004753","=""35001004753""","1657","2019-2023","2022","Census","New Mexico (State)"
"Census Tract","35001004754","NM","35001004754","=""35001004754""","1755","2019-2023","2022","Census","New Mexico (State)"
"Census Tract","35001004755","NM","35001004755","=""35001004755""","1461","2019-2023","2022","Census","New Mexico (State)"
"Census Tract","35001004756","NM","35001004756","=""35001004756""","1596","2019-2023","2022","Census","New Mexico (State)"
"Census Tract","35001004757","NM","35001004757","=""35001004757""","1985","2019-2023","2022","Census","New Mexico (State)"
"Census Tract","35001004758","NM","35001004758","=""35001004758""","1381","2019-2023","2022","Census","New Mexico (State)"
"Census Tract","35001004759","NM","35001004759","=""35001004759""","1250","2019-2023","2022","Census","New Mexico (State)"
"Census Tract","35001004760","NM","35001004760","=""35001004760""","1729","2019-2023","2022","Census","New Mexico (State)"
"Census Tract","35001004761","NM","35001004761","=""35001004761""","838","2019-2023","2022","Census","New Mexico (State)"
"Census Tract","35001004762","NM","35001004762","=""35001004762""","1822","2019-2023","2022","Census","New Mexico (State)"
"Census Tract","35001004763","NM","35001004763","=""35001004763""","2003","2019-2023","2022","Census","New Mexico (State)"
"Census Tract","35001004764","NM","35001004764","=""35001004764""","1601","2019-2023","2022","Census","New Mexico (State)"
"Census Tract","35001004800","NM","35001004800","=""35001004800""","2040","2019-2023","2022","Census","New Mexico (State)"
"Census Tract","35001004900","NM","35001004900","=""35001004900""","2652","2019-2023","2022","Census","New Mexico (State)"
"Census Tract","35001940500","NM","35001940500","=""35001940500""","1397","2019-2023","2022","Census","New Mexico (State)"
"Census Tract","35001940601","NM","35001940601","=""35001940601""","3663","2019-2023","2022","Census","New Mexico (State)"
"Census Tract","35001940602","NM","35001940602","=""35001940602""","623","2019-2023","2022","Census","New Mexico (State)"
"Census Tract","35001940700","NM","35001940700","=""35001940700""","1209","2019-2023","2022","Census","New Mexico (State)"
"Census Tract","35001940800","NM","35001940800","=""35001940800""","0","2019-2023","2022","Census","New Mexico (State)"
"Census Tract","35001980000","NM","35001980000","=""35001980000""","1488","2019-2023","2022","Census","New Mexico (State)"
"Census Tract","35001980300","NM","35001980300","=""35001980300""","0","2019-2023","2022","Census","New Mexico (State)"
"Census Tract","35001980500","NM","35001980500","=""35001980500""","0","2019-2023","2022","Census","New Mexico (State)"
"Census Tract","35001980600","NM","35001980600","=""35001980600""","8","2019-2023","2022","Census","New Mexico (State)"
"Census Tract","35003976401","NM","35003976401","=""35003976401""","1475","2019-2023","2022","Census","New Mexico (State)"
"Census Tract","35003976402","NM","35003976402","=""35003976402""","1858","2019-2023","2022","Census","New Mexico (State)"
"Census Tract","35005000201","NM","35005000201","=""35005000201""","1436","2019-2023","2022","Census","New Mexico (State)"
"Census Tract","35005000202","NM","35005000202","=""35005000202""","1552","2019-2023","2022","Census","New Mexico (State)"
"Census Tract","35005000301","NM","35005000301","=""35005000301""","1571","2019-2023","2022","Census","New Mexico (State)"
"Census Tract","35005000302","NM","35005000302","=""35005000302""","1207","2019-2023","2022","Census","New Mexico (State)"
"Census Tract","35005000400","NM","35005000400","=""35005000400""","2163","2019-2023","2022","Census","New Mexico (State)"
"Census Tract","35005000500","NM","35005000500","=""35005000500""","918","2019-2023","2022","Census","New Mexico (State)"
"Census Tract","35005000600","NM","35005000600","=""35005000600""","1778","2019-2023","2022","Census","New Mexico (State)"
"Census Tract","35005000700","NM","35005000700","=""35005000700""","2061","2019-2023","2022","Census","New Mexico (State)"
"Census Tract","35005000800","NM","35005000800","=""35005000800""","2673","2019-2023","2022","Census","New Mexico (State)"
"Census Tract","35005000900","NM","35005000900","=""35005000900""","1349","2019-2023","2022","Census","New Mexico (State)"
"Census Tract","35005001001","NM","35005001001","=""35005001001""","2003","2019-2023","2022","Census","New Mexico (State)"
"Census Tract","35005001002","NM","35005001002","=""35005001002""","2059","2019-2023","2022","Census","New Mexico (State)"
"Census Tract","35005001101","NM","35005001101","=""35005001101""","1643","2019-2023","2022","Census","New Mexico (State)"
"Census Tract","35005001102","NM","35005001102","=""35005001102""","1678","2019-2023","2022","Census","New Mexico (State)"
"Census Tract","35005001200","NM","35005001200","=""35005001200""","646","2019-2023","2022","Census","New Mexico (State)"
"Census Tract","35005001300","NM","35005001300","=""35005001300""","1048","2019-2023","2022","Census","New Mexico (State)"
"Census Tract","35005001400","NM","35005001400","=""35005001400""","1009","2019-2023","2022","Census","New Mexico (State)"
"Census Tract","35006941500","NM","35006941500","=""35006941500""","1189","2019-2023","2022","Census","New Mexico (State)"
"Census Tract","35006945800","NM","35006945800","=""35006945800""","1097","2019-2023","2022","Census","New Mexico (State)"
"Census Tract","35006946100","NM","35006946100","=""35006946100""","1290","2019-2023","2022","Census","New Mexico (State)"
"Census Tract","35006974201","NM","35006974201","=""35006974201""","1850","2019-2023","2022","Census","New Mexico (State)"
"Census Tract","35006974202","NM","35006974202","=""35006974202""","1156","2019-2023","2022","Census","New Mexico (State)"
"Census Tract","35006974401","NM","35006974401","=""35006974401""","421","2019-2023","2022","Census","New Mexico (State)"
"Census Tract","35006974402","NM","35006974402","=""35006974402""","1237","2019-2023","2022","Census","New Mexico (State)"
"Census Tract","35006974701","NM","35006974701","=""35006974701""","2220","2019-2023","2022","Census","New Mexico (State)"
"Census Tract","35006974702","NM","35006974702","=""35006974702""","711","2019-2023","2022","Census","New Mexico (State)"
"Census Tract","35007950500","NM","35007950500","=""35007950500""","2103","2019-2023","2022","Census","New Mexico (State)"
"Census Tract","35007950600","NM","35007950600","=""35007950600""","1737","2019-2023","2022","Census","New Mexico (State)"
"Census Tract","35007950700","NM","35007950700","=""35007950700""","5738","2019-2023","2022","Census","New Mexico (State)"
"Census Tract","35009000100","NM","35009000100","=""35009000100""","2086","2019-2023","2022","Census","New Mexico (State)"
"Census Tract","35009000201","NM","35009000201","=""35009000201""","1628","2019-2023","2022","Census","New Mexico (State)"
"Census Tract","35009000202","NM","35009000202","=""35009000202""","1890","2019-2023","2022","Census","New Mexico (State)"
"Census Tract","35009000303","NM","35009000303","=""35009000303""","1736","2019-2023","2022","Census","New Mexico (State)"
"Census Tract","35009000305","NM","35009000305","=""35009000305""","950","2019-2023","2022","Census","New Mexico (State)"
"Census Tract","35009000306","NM","35009000306","=""35009000306""","1877","2019-2023","2022","Census","New Mexico (State)"
"Census Tract","35009000307","NM","35009000307","=""35009000307""","1666","2019-2023","2022","Census","New Mexico (State)"
"Census Tract","35009000308","NM","35009000308","=""35009000308""","1299","2019-2023","2022","Census","New Mexico (State)"
"Census Tract","35009000400","NM","35009000400","=""35009000400""","2020","2019-2023","2022","Census","New Mexico (State)"
"Census Tract","35009000500","NM","35009000500","=""35009000500""","860","2019-2023","2022","Census","New Mexico (State)"
"Census Tract","35009000601","NM","35009000601","=""35009000601""","573","2019-2023","2022","Census","New Mexico (State)"
"Census Tract","35009000602","NM","35009000602","=""35009000602""","2236","2019-2023","2022","Census","New Mexico (State)"
"Census Tract","35009000603","NM","35009000603","=""35009000603""","1615","2019-2023","2022","Census","New Mexico (State)"
"Census Tract","35009000900","NM","35009000900","=""35009000900""","830","2019-2023","2022","Census","New Mexico (State)"
"Census Tract","35011960100","NM","35011960100","=""35011960100""","1165","2019-2023","2022","Census","New Mexico (State)"
"Census Tract","35013000102","NM","35013000102","=""35013000102""","1792","2019-2023","2022","Census","New Mexico (State)"
"Census Tract","35013000103","NM","35013000103","=""35013000103""","1715","2019-2023","2022","Census","New Mexico (State)"
"Census Tract","35013000104","NM","35013000104","=""35013000104""","2147","2019-2023","2022","Census","New Mexico (State)"
"Census Tract","35013000203","NM","35013000203","=""35013000203""","1099","2019-2023","2022","Census","New Mexico (State)"
"Census Tract","35013000204","NM","35013000204","=""35013000204""","1665","2019-2023","2022","Census","New Mexico (State)"
"Census Tract","35013000205","NM","35013000205","=""35013000205""","1032","2019-2023","2022","Census","New Mexico (State)"
"Census Tract","35013000206","NM","35013000206","=""35013000206""","1061","2019-2023","2022","Census","New Mexico (State)"
"Census Tract","35013000300","NM","35013000300","=""35013000300""","1869","2019-2023","2022","Census","New Mexico (State)"
"Census Tract","35013000401","NM","35013000401","=""35013000401""","1421","2019-2023","2022","Census","New Mexico (State)"
"Census Tract","35013000402","NM","35013000402","=""35013000402""","2168","2019-2023","2022","Census","New Mexico (State)"
"Census Tract","35013000500","NM","35013000500","=""35013000500""","1143","2019-2023","2022","Census","New Mexico (State)"
"Census Tract","35013000600","NM","35013000600","=""35013000600""","1303","2019-2023","2022","Census","New Mexico (State)"
"Census Tract","35013000700","NM","35013000700","=""35013000700""","2312","2019-2023","2022","Census","New Mexico (State)"
"Census Tract","35013000800","NM","35013000800","=""35013000800""","2275","2019-2023","2022","Census","New Mexico (State)"
"Census Tract","35013000901","NM","35013000901","=""35013000901""","1351","2019-2023","2022","Census","New Mexico (State)"
"Census Tract","35013000902","NM","35013000902","=""35013000902""","2909","2019-2023","2022","Census","New Mexico (State)"
"Census Tract","35013001000","NM","35013001000","=""35013001000""","565","2019-2023","2022","Census","New Mexico (State)"
"Census Tract","35013001102","NM","35013001102","=""35013001102""","1277","2019-2023","2022","Census","New Mexico (State)"
"Census Tract","35013001103","NM","35013001103","=""35013001103""","2028","2019-2023","2022","Census","New Mexico (State)"
"Census Tract","35013001105","NM","35013001105","=""35013001105""","987","2019-2023","2022","Census","New Mexico (State)"
"Census Tract","35013001106","NM","35013001106","=""35013001106""","1197","2019-2023","2022","Census","New Mexico (State)"
"Census Tract","35013001203","NM","35013001203","=""35013001203""","2308","2019-2023","2022","Census","New Mexico (State)"
"Census Tract","35013001204","NM","35013001204","=""35013001204""","1783","2019-2023","2022","Census","New Mexico (State)"
"Census Tract","35013001205","NM","35013001205","=""35013001205""","2694","2019-2023","2022","Census","New Mexico (State)"
"Census Tract","35013001206","NM","35013001206","=""35013001206""","1984","2019-2023","2022","Census","New Mexico (State)"
"Census Tract","35013001207","NM","35013001207","=""35013001207""","1354","2019-2023","2022","Census","New Mexico (State)"
"Census Tract","35013001208","NM","35013001208","=""35013001208""","2526","2019-2023","2022","Census","New Mexico (State)"
"Census Tract","35013001209","NM","35013001209","=""35013001209""","1221","2019-2023","2022","Census","New Mexico (State)"
"Census Tract","35013001210","NM","35013001210","=""35013001210""","1290","2019-2023","2022","Census","New Mexico (State)"
"Census Tract","35013001308","NM","35013001308","=""35013001308""","2593","2019-2023","2022","Census","New Mexico (State)"
"Census Tract","35013001309","NM","35013001309","=""35013001309""","1113","2019-2023","2022","Census","New Mexico (State)"
"Census Tract","35013001310","NM","35013001310","=""35013001310""","2416","2019-2023","2022","Census","New Mexico (State)"
"Census Tract","35013001311","NM","35013001311","=""35013001311""","2232","2019-2023","2022","Census","New Mexico (State)"
"Census Tract","35013001312","NM","35013001312","=""35013001312""","593","2019-2023","2022","Census","New Mexico (State)"
"Census Tract","35013001313","NM","35013001313","=""35013001313""","999","2019-2023","2022","Census","New Mexico (State)"
"Census Tract","35013001314","NM","35013001314","=""35013001314""","874","2019-2023","2022","Census","New Mexico (State)"
"Census Tract","35013001315","NM","35013001315","=""35013001315""","1270","2019-2023","2022","Census","New Mexico (State)"
"Census Tract","35013001316","NM","35013001316","=""35013001316""","1845","2019-2023","2022","Census","New Mexico (State)"
"Census Tract","35013001317","NM","35013001317","=""35013001317""","1742","2019-2023","2022","Census","New Mexico (State)"
"Census Tract","35013001318","NM","35013001318","=""35013001318""","1249","2019-2023","2022","Census","New Mexico (State)"
"Census Tract","35013001401","NM","35013001401","=""35013001401""","908","2019-2023","2022","Census","New Mexico (State)"
"Census Tract","35013001402","NM","35013001402","=""35013001402""","834","2019-2023","2022","Census","New Mexico (State)"
"Census Tract","35013001501","NM","35013001501","=""35013001501""","1518","2019-2023","2022","Census","New Mexico (State)"
"Census Tract","35013001502","NM","35013001502","=""35013001502""","982","2019-2023","2022","Census","New Mexico (State)"
"Census Tract","35013001600","NM","35013001600","=""35013001600""","1126","2019-2023","2022","Census","New Mexico (State)"
"Census Tract","35013001701","NM","35013001701","=""35013001701""","4372","2019-2023","2022","Census","New Mexico (State)"
"Census Tract","35013001702","NM","35013001702","=""35013001702""","590","2019-2023","2022","Census","New Mexico (State)"
"Census Tract","35013001703","NM","35013001703","=""35013001703""","1050","2019-2023","2022","Census","New Mexico (State)"
"Census Tract","35013001705","NM","35013001705","=""35013001705""","987","2019-2023","2022","Census","New Mexico (State)"
"Census Tract","35013001706","NM","35013001706","=""35013001706""","1317","2019-2023","2022","Census","New Mexico (State)"
"Census Tract","35013001707","NM","35013001707","=""35013001707""","1838","2019-2023","2022","Census","New Mexico (State)"
"Census Tract","35013001805","NM","35013001805","=""35013001805""","1403","2019-2023","2022","Census","New Mexico (State)"
"Census Tract","35013001807","NM","35013001807","=""35013001807""","661","2019-2023","2022","Census","New Mexico (State)"
"Census Tract","35013001808","NM","35013001808","=""35013001808""","1113","2019-2023","2022","Census","New Mexico (State)"
"Census Tract","35013001809","NM","35013001809","=""35013001809""","602","2019-2023","2022","Census","New Mexico (State)"
"Census Tract","35013001810","NM","35013001810","=""35013001810""","2083","2019-2023","2022","Census","New Mexico (State)"
"Census Tract","35013001811","NM","35013001811","=""35013001811""","665","2019-2023","2022","Census","New Mexico (State)"
"Census Tract","35013001812","NM","35013001812","=""35013001812""","1415","2019-2023","2022","Census","New Mexico (State)"
"Census Tract","35013001813","NM","35013001813","=""35013001813""","903","2019-2023","2022","Census","New Mexico (State)"
"Census Tract","35013001814","NM","35013001814","=""35013001814""","1172","2019-2023","2022","Census","New Mexico (State)"
"Census Tract","35013001900","NM","35013001900","=""35013001900""","461","2019-2023","2022","Census","New Mexico (State)"
"Census Tract","35015000100","NM","35015000100","=""35015000100""","763","2019-2023","2022","Census","New Mexico (State)"
"Census Tract","35015000200","NM","35015000200","=""35015000200""","3219","2019-2023","2022","Census","New Mexico (State)"
"Census Tract","35015000300","NM","35015000300","=""35015000300""","2572","2019-2023","2022","Census","New Mexico (State)"
"Census Tract","35015000401","NM","35015000401","=""35015000401""","1570","2019-2023","2022","Census","New Mexico (State)"
"Census Tract","35015000402","NM","35015000402","=""35015000402""","2273","2019-2023","2022","Census","New Mexico (State)"
"Census Tract","35015000500","NM","35015000500","=""35015000500""","1670","2019-2023","2022","Census","New Mexico (State)"
"Census Tract","35015000600","NM","35015000600","=""35015000600""","3219","2019-2023","2022","Census","New Mexico (State)"
"Census Tract","35015000700","NM","35015000700","=""35015000700""","2366","2019-2023","2022","Census","New Mexico (State)"
"Census Tract","35015000800","NM","35015000800","=""35015000800""","867","2019-2023","2022","Census","New Mexico (State)"
"Census Tract","35015000900","NM","35015000900","=""35015000900""","2226","2019-2023","2022","Census","New Mexico (State)"
"Census Tract","35015001001","NM","35015001001","=""35015001001""","1329","2019-2023","2022","Census","New Mexico (State)"
"Census Tract","35015001002","NM","35015001002","=""35015001002""","1370","2019-2023","2022","Census","New Mexico (State)"
"Census Tract","35015001100","NM","35015001100","=""35015001100""","3189","2019-2023","2022","Census","New Mexico (State)"
"Census Tract","35017964100","NM","35017964100","=""35017964100""","1504","2019-2023","2022","Census","New Mexico (State)"
"Census Tract","35017964200","NM","35017964200","=""35017964200""","1078","2019-2023","2022","Census","New Mexico (State)"
"Census Tract","35017964300","NM","35017964300","=""35017964300""","2981","2019-2023","2022","Census","New Mexico (State)"
"Census Tract","35017964401","NM","35017964401","=""35017964401""","1103","2019-2023","2022","Census","New Mexico (State)"
"Census Tract","35017964402","NM","35017964402","=""35017964402""","1480","2019-2023","2022","Census","New Mexico (State)"
"Census Tract","35017964500","NM","35017964500","=""35017964500""","1259","2019-2023","2022","Census","New Mexico (State)"
"Census Tract","35017964600","NM","35017964600","=""35017964600""","1560","2019-2023","2022","Census","New Mexico (State)"
"Census Tract","35017964701","NM","35017964701","=""35017964701""","1589","2019-2023","2022","Census","New Mexico (State)"
"Census Tract","35017964702","NM","35017964702","=""35017964702""","1223","2019-2023","2022","Census","New Mexico (State)"
"Census Tract","35017964800","NM","35017964800","=""35017964800""","887","2019-2023","2022","Census","New Mexico (State)"
"Census Tract","35019961600","NM","35019961600","=""35019961600""","2156","2019-2023","2022","Census","New Mexico (State)"
"Census Tract","35021000100","NM","35021000100","=""35021000100""","489","2019-2023","2022","Census","New Mexico (State)"
"Census Tract","35023970000","NM","35023970000","=""35023970000""","1109","2019-2023","2022","Census","New Mexico (State)"
"Census Tract","35023970200","NM","35023970200","=""35023970200""","1110","2019-2023","2022","Census","New Mexico (State)"
"Census Tract","35025000100","NM","35025000100","=""35025000100""","1424","2019-2023","2022","Census","New Mexico (State)"
"Census Tract","35025000200","NM","35025000200","=""35025000200""","1485","2019-2023","2022","Census","New Mexico (State)"
"Census Tract","35025000300","NM","35025000300","=""35025000300""","1705","2019-2023","2022","Census","New Mexico (State)"
"Census Tract","35025000400","NM","35025000400","=""35025000400""","1369","2019-2023","2022","Census","New Mexico (State)"
"Census Tract","35025000502","NM","35025000502","=""35025000502""","3392","2019-2023","2022","Census","New Mexico (State)"
"Census Tract","35025000503","NM","35025000503","=""35025000503""","1873","2019-2023","2022","Census","New Mexico (State)"
"Census Tract","35025000504","NM","35025000504","=""35025000504""","1746","2019-2023","2022","Census","New Mexico (State)"
"Census Tract","35025000600","NM","35025000600","=""35025000600""","2451","2019-2023","2022","Census","New Mexico (State)"
"Census Tract","35025000701","NM","35025000701","=""35025000701""","645","2019-2023","2022","Census","New Mexico (State)"
"Census Tract","35025000702","NM","35025000702","=""35025000702""","1105","2019-2023","2022","Census","New Mexico (State)"
"Census Tract","35025000703","NM","35025000703","=""35025000703""","1097","2019-2023","2022","Census","New Mexico (State)"
"Census Tract","35025000704","NM","35025000704","=""35025000704""","1041","2019-2023","2022","Census","New Mexico (State)"
"Census Tract","35025000800","NM","35025000800","=""35025000800""","1428","2019-2023","2022","Census","New Mexico (State)"
"Census Tract","35025000900","NM","35025000900","=""35025000900""","999","2019-2023","2022","Census","New Mexico (State)"
"Census Tract","35025001003","NM","35025001003","=""35025001003""","1522","2019-2023","2022","Census","New Mexico (State)"
"Census Tract","35025001004","NM","35025001004","=""35025001004""","1498","2019-2023","2022","Census","New Mexico (State)"
"Census Tract","35025001005","NM","35025001005","=""35025001005""","1204","2019-2023","2022","Census","New Mexico (State)"
"Census Tract","35025001100","NM","35025001100","=""35025001100""","2141","2019-2023","2022","Census","New Mexico (State)"
"Census Tract","35027960200","NM","35027960200","=""35027960200""","1205","2019-2023","2022","Census","New Mexico (State)"
"Census Tract","35027960300","NM","35027960300","=""35027960300""","1954","2019-2023","2022","Census","New Mexico (State)"
"Census Tract","35027960401","NM","35027960401","=""35027960401""","1467","2019-2023","2022","Census","New Mexico (State)"
"Census Tract","35027960402","NM","35027960402","=""35027960402""","1263","2019-2023","2022","Census","New Mexico (State)"
"Census Tract","35027960403","NM","35027960403","=""35027960403""","2878","2019-2023","2022","Census","New Mexico (State)"
"Census Tract","35027960601","NM","35027960601","=""35027960601""","2484","2019-2023","2022","Census","New Mexico (State)"
"Census Tract","35027960602","NM","35027960602","=""35027960602""","1676","2019-2023","2022","Census","New Mexico (State)"
"Census Tract","35027960603","NM","35027960603","=""35027960603""","2483","2019-2023","2022","Census","New Mexico (State)"
"Census Tract","35027960800","NM","35027960800","=""35027960800""","2358","2019-2023","2022","Census","New Mexico (State)"
"Census Tract","35028000100","NM","35028000100","=""35028000100""","1545","2019-2023","2022","Census","New Mexico (State)"
"Census Tract","35028000200","NM","35028000200","=""35028000200""","2289","2019-2023","2022","Census","New Mexico (State)"
"Census Tract","35028000400","NM","35028000400","=""35028000400""","2522","2019-2023","2022","Census","New Mexico (State)"
"Census Tract","35028000500","NM","35028000500","=""35028000500""","2304","2019-2023","2022","Census","New Mexico (State)"
"Census Tract","35029000100","NM","35029000100","=""35029000100""","2931","2019-2023","2022","Census","New Mexico (State)"
"Census Tract","35029000200","NM","35029000200","=""35029000200""","1650","2019-2023","2022","Census","New Mexico (State)"
"Census Tract","35029000300","NM","35029000300","=""35029000300""","1090","2019-2023","2022","Census","New Mexico (State)"
"Census Tract","35029000401","NM","35029000401","=""35029000401""","1411","2019-2023","2022","Census","New Mexico (State)"
"Census Tract","35029000402","NM","35029000402","=""35029000402""","1177","2019-2023","2022","Census","New Mexico (State)"
"Census Tract","35029000500","NM","35029000500","=""35029000500""","1941","2019-2023","2022","Census","New Mexico (State)"
"Census Tract","35029000600","NM","35029000600","=""35029000600""","1367","2019-2023","2022","Census","New Mexico (State)"
"Census Tract","35031940301","NM","35031940301","=""35031940301""","572","2019-2023","2022","Census","New Mexico (State)"
"Census Tract","35031940302","NM","35031940302","=""35031940302""","1185","2019-2023","2022","Census","New Mexico (State)"
"Census Tract","35031940500","NM","35031940500","=""35031940500""","373","2019-2023","2022","Census","New Mexico (State)"
"Census Tract","35031943500","NM","35031943500","=""35031943500""","1428","2019-2023","2022","Census","New Mexico (State)"
"Census Tract","35031943601","NM","35031943601","=""35031943601""","1105","2019-2023","2022","Census","New Mexico (State)"
"Census Tract","35031943602","NM","35031943602","=""35031943602""","1123","2019-2023","2022","Census","New Mexico (State)"
"Census Tract","35031943701","NM","35031943701","=""35031943701""","821","2019-2023","2022","Census","New Mexico (State)"
"Census Tract","35031943702","NM","35031943702","=""35031943702""","738","2019-2023","2022","Census","New Mexico (State)"
"Census Tract","35031943801","NM","35031943801","=""35031943801""","676","2019-2023","2022","Census","New Mexico (State)"
"Census Tract","35031943802","NM","35031943802","=""35031943802""","816","2019-2023","2022","Census","New Mexico (State)"
"Census Tract","35031943803","NM","35031943803","=""35031943803""","625","2019-2023","2022","Census","New Mexico (State)"
"Census Tract","35031943903","NM","35031943903","=""35031943903""","703","2019-2023","2022","Census","New Mexico (State)"
"Census Tract","35031943904","NM","35031943904","=""35031943904""","513","2019-2023","2022","Census","New Mexico (State)"
"Census Tract","35031943905","NM","35031943905","=""35031943905""","424","2019-2023","2022","Census","New Mexico (State)"
"Census Tract","35031943906","NM","35031943906","=""35031943906""","707","2019-2023","2022","Census","New Mexico (State)"
"Census Tract","35031943907","NM","35031943907","=""35031943907""","670","2019-2023","2022","Census","New Mexico (State)"
"Census Tract","35031944000","NM","35031944000","=""35031944000""","794","2019-2023","2022","Census","New Mexico (State)"
"Census Tract","35031945201","NM","35031945201","=""35031945201""","1186","2019-2023","2022","Census","New Mexico (State)"
"Census Tract","35031945202","NM","35031945202","=""35031945202""","908","2019-2023","2022","Census","New Mexico (State)"
"Census Tract","35031945300","NM","35031945300","=""35031945300""","1128","2019-2023","2022","Census","New Mexico (State)"
"Census Tract","35031945400","NM","35031945400","=""35031945400""","1395","2019-2023","2022","Census","New Mexico (State)"
"Census Tract","35031945501","NM","35031945501","=""35031945501""","675","2019-2023","2022","Census","New Mexico (State)"
"Census Tract","35031945502","NM","35031945502","=""35031945502""","594","2019-2023","2022","Census","New Mexico (State)"
"Census Tract","35031945503","NM","35031945503","=""35031945503""","950","2019-2023","2022","Census","New Mexico (State)"
"Census Tract","35031945601","NM","35031945601","=""35031945601""","617","2019-2023","2022","Census","New Mexico (State)"
"Census Tract","35031945602","NM","35031945602","=""35031945602""","996","2019-2023","2022","Census","New Mexico (State)"
"Census Tract","35031945701","NM","35031945701","=""35031945701""","339","2019-2023","2022","Census","New Mexico (State)"
"Census Tract","35031945702","NM","35031945702","=""35031945702""","554","2019-2023","2022","Census","New Mexico (State)"
"Census Tract","35031946001","NM","35031946001","=""35031946001""","760","2019-2023","2022","Census","New Mexico (State)"
"Census Tract","35031946002","NM","35031946002","=""35031946002""","573","2019-2023","2022","Census","New Mexico (State)"
"Census Tract","35031946003","NM","35031946003","=""35031946003""","652","2019-2023","2022","Census","New Mexico (State)"
"Census Tract","35031973100","NM","35031973100","=""35031973100""","613","2019-2023","2022","Census","New Mexico (State)"
"Census Tract","35031980000","NM","35031980000","=""35031980000""","0","2019-2023","2022","Census","New Mexico (State)"
"Census Tract","35033955201","NM","35033955201","=""35033955201""","1311","2019-2023","2022","Census","New Mexico (State)"
"Census Tract","35033955202","NM","35033955202","=""35033955202""","1627","2019-2023","2022","Census","New Mexico (State)"
"Census Tract","35035000100","NM","35035000100","=""35035000100""","926","2019-2023","2022","Census","New Mexico (State)"
"Census Tract","35035000200","NM","35035000200","=""35035000200""","1156","2019-2023","2022","Census","New Mexico (State)"
"Census Tract","35035000303","NM","35035000303","=""35035000303""","1223","2019-2023","2022","Census","New Mexico (State)"
"Census Tract","35035000304","NM","35035000304","=""35035000304""","1701","2019-2023","2022","Census","New Mexico (State)"
"Census Tract","35035000305","NM","35035000305","=""35035000305""","1919","2019-2023","2022","Census","New Mexico (State)"
"Census Tract","35035000306","NM","35035000306","=""35035000306""","1415","2019-2023","2022","Census","New Mexico (State)"
"Census Tract","35035000401","NM","35035000401","=""35035000401""","2371","2019-2023","2022","Census","New Mexico (State)"
"Census Tract","35035000403","NM","35035000403","=""35035000403""","1251","2019-2023","2022","Census","New Mexico (State)"
"Census Tract","35035000404","NM","35035000404","=""35035000404""","2429","2019-2023","2022","Census","New Mexico (State)"
"Census Tract","35035000501","NM","35035000501","=""35035000501""","1423","2019-2023","2022","Census","New Mexico (State)"
"Census Tract","35035000502","NM","35035000502","=""35035000502""","890","2019-2023","2022","Census","New Mexico (State)"
"Census Tract","35035000601","NM","35035000601","=""35035000601""","44","2019-2023","2022","Census","New Mexico (State)"
"Census Tract","35035000602","NM","35035000602","=""35035000602""","1064","2019-2023","2022","Census","New Mexico (State)"
"Census Tract","35035000603","NM","35035000603","=""35035000603""","1198","2019-2023","2022","Census","New Mexico (State)"
"Census Tract","35035000604","NM","35035000604","=""35035000604""","1116","2019-2023","2022","Census","New Mexico (State)"
"Census Tract","35035000701","NM","35035000701","=""35035000701""","1934","2019-2023","2022","Census","New Mexico (State)"
"Census Tract","35035000702","NM","35035000702","=""35035000702""","649","2019-2023","2022","Census","New Mexico (State)"
"Census Tract","35035000901","NM","35035000901","=""35035000901""","4152","2019-2023","2022","Census","New Mexico (State)"
"Census Tract","35035000903","NM","35035000903","=""35035000903""","1643","2019-2023","2022","Census","New Mexico (State)"
"Census Tract","35035000904","NM","35035000904","=""35035000904""","2765","2019-2023","2022","Census","New Mexico (State)"
"Census Tract","35035940000","NM","35035940000","=""35035940000""","1131","2019-2023","2022","Census","New Mexico (State)"
"Census Tract","35037958601","NM","35037958601","=""35037958601""","1613","2019-2023","2022","Census","New Mexico (State)"
"Census Tract","35037958602","NM","35037958602","=""35037958602""","1663","2019-2023","2022","Census","New Mexico (State)"
"Census Tract","35037958900","NM","35037958900","=""35037958900""","2237","2019-2023","2022","Census","New Mexico (State)"
"Census Tract","35039000100","NM","35039000100","=""35039000100""","1551","2019-2023","2022","Census","New Mexico (State)"
"Census Tract","35039000200","NM","35039000200","=""35039000200""","1733","2019-2023","2022","Census","New Mexico (State)"
"Census Tract","35039000301","NM","35039000301","=""35039000301""","1693","2019-2023","2022","Census","New Mexico (State)"
"Census Tract","35039000302","NM","35039000302","=""35039000302""","1103","2019-2023","2022","Census","New Mexico (State)"
"Census Tract","35039000401","NM","35039000401","=""35039000401""","1115","2019-2023","2022","Census","New Mexico (State)"
"Census Tract","35039000402","NM","35039000402","=""35039000402""","1350","2019-2023","2022","Census","New Mexico (State)"
"Census Tract","35039000500","NM","35039000500","=""35039000500""","3079","2019-2023","2022","Census","New Mexico (State)"
"Census Tract","35039940700","NM","35039940700","=""35039940700""","1590","2019-2023","2022","Census","New Mexico (State)"
"Census Tract","35039940800","NM","35039940800","=""35039940800""","2308","2019-2023","2022","Census","New Mexico (State)"
"Census Tract","35039941000","NM","35039941000","=""35039941000""","1663","2019-2023","2022","Census","New Mexico (State)"
"Census Tract","35039944100","NM","35039944100","=""35039944100""","2518","2019-2023","2022","Census","New Mexico (State)"
"Census Tract","35041000100","NM","35041000100","=""35041000100""","2241","2019-2023","2022","Census","New Mexico (State)"
"Census Tract","35041000200","NM","35041000200","=""35041000200""","1594","2019-2023","2022","Census","New Mexico (State)"
"Census Tract","35041000300","NM","35041000300","=""35041000300""","1734","2019-2023","2022","Census","New Mexico (State)"
"Census Tract","35041000401","NM","35041000401","=""35041000401""","1398","2019-2023","2022","Census","New Mexico (State)"
"Census Tract","35041000402","NM","35041000402","=""35041000402""","1558","2019-2023","2022","Census","New Mexico (State)"
"Census Tract","35043010503","NM","35043010503","=""35043010503""","1565","2019-2023","2022","Census","New Mexico (State)"
"Census Tract","35043010601","NM","35043010601","=""35043010601""","2027","2019-2023","2022","Census","New Mexico (State)"
"Census Tract","35043010602","NM","35043010602","=""35043010602""","1897","2019-2023","2022","Census","New Mexico (State)"
"Census Tract","35043010702","NM","35043010702","=""35043010702""","3241","2019-2023","2022","Census","New Mexico (State)"
"Census Tract","35043010705","NM","35043010705","=""35043010705""","2246","2019-2023","2022","Census","New Mexico (State)"
"Census Tract","35043010712","NM","35043010712","=""35043010712""","2269","2019-2023","2022","Census","New Mexico (State)"
"Census Tract","35043010713","NM","35043010713","=""35043010713""","2161","2019-2023","2022","Census","New Mexico (State)"
"Census Tract","35043010714","NM","35043010714","=""35043010714""","2037","2019-2023","2022","Census","New Mexico (State)"
"Census Tract","35043010715","NM","35043010715","=""35043010715""","1928","2019-2023","2022","Census","New Mexico (State)"
"Census Tract","35043010719","NM","35043010719","=""35043010719""","1496","2019-2023","2022","Census","New Mexico (State)"
"Census Tract","35043010721","NM","35043010721","=""35043010721""","2153","2019-2023","2022","Census","New Mexico (State)"
"Census Tract","35043010722","NM","35043010722","=""35043010722""","2053","2019-2023","2022","Census","New Mexico (State)"
"Census Tract","35043010724","NM","35043010724","=""35043010724""","1121","2019-2023","2022","Census","New Mexico (State)"
"Census Tract","35043010725","NM","35043010725","=""35043010725""","3284","2019-2023","2022","Census","New Mexico (State)"
"Census Tract","35043010726","NM","35043010726","=""35043010726""","2267","2019-2023","2022","Census","New Mexico (State)"
"Census Tract","35043010727","NM","35043010727","=""35043010727""","1240","2019-2023","2022","Census","New Mexico (State)"
"Census Tract","35043010728","NM","35043010728","=""35043010728""","1129","2019-2023","2022","Census","New Mexico (State)"
"Census Tract","35043010729","NM","35043010729","=""35043010729""","3067","2019-2023","2022","Census","New Mexico (State)"
"Census Tract","35043010730","NM","35043010730","=""35043010730""","590","2019-2023","2022","Census","New Mexico (State)"
"Census Tract","35043010731","NM","35043010731","=""35043010731""","2991","2019-2023","2022","Census","New Mexico (State)"
"Census Tract","35043010732","NM","35043010732","=""35043010732""","2871","2019-2023","2022","Census","New Mexico (State)"
"Census Tract","35043010733","NM","35043010733","=""35043010733""","1806","2019-2023","2022","Census","New Mexico (State)"
"Census Tract","35043010734","NM","35043010734","=""35043010734""","2313","2019-2023","2022","Census","New Mexico (State)"
"Census Tract","35043010900","NM","35043010900","=""35043010900""","1095","2019-2023","2022","Census","New Mexico (State)"
"Census Tract","35043011101","NM","35043011101","=""35043011101""","1459","2019-2023","2022","Census","New Mexico (State)"
"Census Tract","35043011102","NM","35043011102","=""35043011102""","1653","2019-2023","2022","Census","New Mexico (State)"
"Census Tract","35043011200","NM","35043011200","=""35043011200""","1740","2019-2023","2022","Census","New Mexico (State)"
"Census Tract","35043940200","NM","35043940200","=""35043940200""","807","2019-2023","2022","Census","New Mexico (State)"
"Census Tract","35043940300","NM","35043940300","=""35043940300""","0","2019-2023","2022","Census","New Mexico (State)"
"Census Tract","35043940500","NM","35043940500","=""35043940500""","1688","2019-2023","2022","Census","New Mexico (State)"
"Census Tract","35043940600","NM","35043940600","=""35043940600""","621","2019-2023","2022","Census","New Mexico (State)"
"Census Tract","35043940700","NM","35043940700","=""35043940700""","1043","2019-2023","2022","Census","New Mexico (State)"
"Census Tract","35043940900","NM","35043940900","=""35043940900""","938","2019-2023","2022","Census","New Mexico (State)"
"Census Tract","35043941000","NM","35043941000","=""35043941000""","963","2019-2023","2022","Census","New Mexico (State)"
"Census Tract","35043980000","NM","35043980000","=""35043980000""","0","2019-2023","2022","Census","New Mexico (State)"
"Census Tract","35045000100","NM","35045000100","=""35045000100""","1839","2019-2023","2022","Census","New Mexico (State)"
"Census Tract","35045000201","NM","35045000201","=""35045000201""","1608","2019-2023","2022","Census","New Mexico (State)"
"Census Tract","35045000202","NM","35045000202","=""35045000202""","2327","2019-2023","2022","Census","New Mexico (State)"
"Census Tract","35045000204","NM","35045000204","=""35045000204""","935","2019-2023","2022","Census","New Mexico (State)"
"Census Tract","35045000206","NM","35045000206","=""35045000206""","1499","2019-2023","2022","Census","New Mexico (State)"
"Census Tract","35045000207","NM","35045000207","=""35045000207""","927","2019-2023","2022","Census","New Mexico (State)"
"Census Tract","35045000301","NM","35045000301","=""35045000301""","2036","2019-2023","2022","Census","New Mexico (State)"
"Census Tract","35045000302","NM","35045000302","=""35045000302""","1459","2019-2023","2022","Census","New Mexico (State)"
"Census Tract","35045000401","NM","35045000401","=""35045000401""","1880","2019-2023","2022","Census","New Mexico (State)"
"Census Tract","35045000402","NM","35045000402","=""35045000402""","1881","2019-2023","2022","Census","New Mexico (State)"
"Census Tract","35045000503","NM","35045000503","=""35045000503""","1294","2019-2023","2022","Census","New Mexico (State)"
"Census Tract","35045000504","NM","35045000504","=""35045000504""","697","2019-2023","2022","Census","New Mexico (State)"
"Census Tract","35045000506","NM","35045000506","=""35045000506""","1089","2019-2023","2022","Census","New Mexico (State)"
"Census Tract","35045000507","NM","35045000507","=""35045000507""","1056","2019-2023","2022","Census","New Mexico (State)"
"Census Tract","35045000607","NM","35045000607","=""35045000607""","1223","2019-2023","2022","Census","New Mexico (State)"
"Census Tract","35045000609","NM","35045000609","=""35045000609""","573","2019-2023","2022","Census","New Mexico (State)"
"Census Tract","35045000610","NM","35045000610","=""35045000610""","1899","2019-2023","2022","Census","New Mexico (State)"
"Census Tract","35045000611","NM","35045000611","=""35045000611""","1314","2019-2023","2022","Census","New Mexico (State)"
"Census Tract","35045000612","NM","35045000612","=""35045000612""","804","2019-2023","2022","Census","New Mexico (State)"
"Census Tract","35045000613","NM","35045000613","=""35045000613""","1842","2019-2023","2022","Census","New Mexico (State)"
"Census Tract","35045000614","NM","35045000614","=""35045000614""","875","2019-2023","2022","Census","New Mexico (State)"
"Census Tract","35045000615","NM","35045000615","=""35045000615""","902","2019-2023","2022","Census","New Mexico (State)"
"Census Tract","35045000702","NM","35045000702","=""35045000702""","428","2019-2023","2022","Census","New Mexico (State)"
"Census Tract","35045000705","NM","35045000705","=""35045000705""","1514","2019-2023","2022","Census","New Mexico (State)"
"Census Tract","35045000706","NM","35045000706","=""35045000706""","1240","2019-2023","2022","Census","New Mexico (State)"
"Census Tract","35045000707","NM","35045000707","=""35045000707""","1520","2019-2023","2022","Census","New Mexico (State)"
"Census Tract","35045000708","NM","35045000708","=""35045000708""","1393","2019-2023","2022","Census","New Mexico (State)"
"Census Tract","35045000900","NM","35045000900","=""35045000900""","702","2019-2023","2022","Census","New Mexico (State)"
"Census Tract","35045942801","NM","35045942801","=""35045942801""","1003","2019-2023","2022","Census","New Mexico (State)"
"Census Tract","35045942802","NM","35045942802","=""35045942802""","2073","2019-2023","2022","Census","New Mexico (State)"
"Census Tract","35045942803","NM","35045942803","=""35045942803""","928","2019-2023","2022","Census","New Mexico (State)"
"Census Tract","35045942900","NM","35045942900","=""35045942900""","2075","2019-2023","2022","Census","New Mexico (State)"
"Census Tract","35045943000","NM","35045943000","=""35045943000""","1396","2019-2023","2022","Census","New Mexico (State)"
"Census Tract","35045943100","NM","35045943100","=""35045943100""","852","2019-2023","2022","Census","New Mexico (State)"
"Census Tract","35045943201","NM","35045943201","=""35045943201""","2154","2019-2023","2022","Census","New Mexico (State)"
"Census Tract","35045943300","NM","35045943300","=""35045943300""","848","2019-2023","2022","Census","New Mexico (State)"
"Census Tract","35047957200","NM","35047957200","=""35047957200""","2025","2019-2023","2022","Census","New Mexico (State)"
"Census Tract","35047957300","NM","35047957300","=""35047957300""","1423","2019-2023","2022","Census","New Mexico (State)"
"Census Tract","35047957400","NM","35047957400","=""35047957400""","2296","2019-2023","2022","Census","New Mexico (State)"
"Census Tract","35047957501","NM","35047957501","=""35047957501""","1439","2019-2023","2022","Census","New Mexico (State)"
"Census Tract","35047957502","NM","35047957502","=""35047957502""","1362","2019-2023","2022","Census","New Mexico (State)"
"Census Tract","35047957601","NM","35047957601","=""35047957601""","1321","2019-2023","2022","Census","New Mexico (State)"
"Census Tract","35047957602","NM","35047957602","=""35047957602""","865","2019-2023","2022","Census","New Mexico (State)"
"Census Tract","35047957603","NM","35047957603","=""35047957603""","983","2019-2023","2022","Census","New Mexico (State)"
"Census Tract","35047957700","NM","35047957700","=""35047957700""","1132","2019-2023","2022","Census","New Mexico (State)"
"Census Tract","35047957800","NM","35047957800","=""35047957800""","1991","2019-2023","2022","Census","New Mexico (State)"
"Census Tract","35049000102","NM","35049000102","=""35049000102""","1932","2019-2023","2022","Census","New Mexico (State)"
"Census Tract","35049000103","NM","35049000103","=""35049000103""","1239","2019-2023","2022","Census","New Mexico (State)"
"Census Tract","35049000201","NM","35049000201","=""35049000201""","1099","2019-2023","2022","Census","New Mexico (State)"
"Census Tract","35049000202","NM","35049000202","=""35049000202""","1706","2019-2023","2022","Census","New Mexico (State)"
"Census Tract","35049000300","NM","35049000300","=""35049000300""","1213","2019-2023","2022","Census","New Mexico (State)"
"Census Tract","35049000400","NM","35049000400","=""35049000400""","339","2019-2023","2022","Census","New Mexico (State)"
"Census Tract","35049000500","NM","35049000500","=""35049000500""","2107","2019-2023","2022","Census","New Mexico (State)"
"Census Tract","35049000600","NM","35049000600","=""35049000600""","1620","2019-2023","2022","Census","New Mexico (State)"
"Census Tract","35049000700","NM","35049000700","=""35049000700""","1379","2019-2023","2022","Census","New Mexico (State)"
"Census Tract","35049000800","NM","35049000800","=""35049000800""","1615","2019-2023","2022","Census","New Mexico (State)"
"Census Tract","35049000900","NM","35049000900","=""35049000900""","1868","2019-2023","2022","Census","New Mexico (State)"
"Census Tract","35049001001","NM","35049001001","=""35049001001""","1199","2019-2023","2022","Census","New Mexico (State)"
"Census Tract","35049001002","NM","35049001002","=""35049001002""","1955","2019-2023","2022","Census","New Mexico (State)"
"Census Tract","35049001102","NM","35049001102","=""35049001102""","2047","2019-2023","2022","Census","New Mexico (State)"
"Census Tract","35049001103","NM","35049001103","=""35049001103""","917","2019-2023","2022","Census","New Mexico (State)"
"Census Tract","35049001105","NM","35049001105","=""35049001105""","1431","2019-2023","2022","Census","New Mexico (State)"
"Census Tract","35049001106","NM","35049001106","=""35049001106""","1664","2019-2023","2022","Census","New Mexico (State)"
"Census Tract","35049001107","NM","35049001107","=""35049001107""","2557","2019-2023","2022","Census","New Mexico (State)"
"Census Tract","35049001202","NM","35049001202","=""35049001202""","2847","2019-2023","2022","Census","New Mexico (State)"
"Census Tract","35049001203","NM","35049001203","=""35049001203""","1029","2019-2023","2022","Census","New Mexico (State)"
"Census Tract","35049001205","NM","35049001205","=""35049001205""","2098","2019-2023","2022","Census","New Mexico (State)"
"Census Tract","35049001206","NM","35049001206","=""35049001206""","1480","2019-2023","2022","Census","New Mexico (State)"
"Census Tract","35049001207","NM","35049001207","=""35049001207""","1170","2019-2023","2022","Census","New Mexico (State)"
"Census Tract","35049001301","NM","35049001301","=""35049001301""","674","2019-2023","2022","Census","New Mexico (State)"
"Census Tract","35049001302","NM","35049001302","=""35049001302""","991","2019-2023","2022","Census","New Mexico (State)"
"Census Tract","35049001304","NM","35049001304","=""35049001304""","416","2019-2023","2022","Census","New Mexico (State)"
"Census Tract","35049001305","NM","35049001305","=""35049001305""","1913","2019-2023","2022","Census","New Mexico (State)"
"Census Tract","35049001306","NM","35049001306","=""35049001306""","853","2019-2023","2022","Census","New Mexico (State)"
"Census Tract","35049010102","NM","35049010102","=""35049010102""","2324","2019-2023","2022","Census","New Mexico (State)"
"Census Tract","35049010204","NM","35049010204","=""35049010204""","1267","2019-2023","2022","Census","New Mexico (State)"
"Census Tract","35049010205","NM","35049010205","=""35049010205""","858","2019-2023","2022","Census","New Mexico (State)"
"Census Tract","35049010304","NM","35049010304","=""35049010304""","2017","2019-2023","2022","Census","New Mexico (State)"
"Census Tract","35049010308","NM","35049010308","=""35049010308""","947","2019-2023","2022","Census","New Mexico (State)"
"Census Tract","35049010309","NM","35049010309","=""35049010309""","1320","2019-2023","2022","Census","New Mexico (State)"
"Census Tract","35049010310","NM","35049010310","=""35049010310""","625","2019-2023","2022","Census","New Mexico (State)"
"Census Tract","35049010311","NM","35049010311","=""35049010311""","2324","2019-2023","2022","Census","New Mexico (State)"
"Census Tract","35049010312","NM","35049010312","=""35049010312""","1846","2019-2023","2022","Census","New Mexico (State)"
"Census Tract","35049010315","NM","35049010315","=""35049010315""","1369","2019-2023","2022","Census","New Mexico (State)"
"Census Tract","35049010316","NM","35049010316","=""35049010316""","815","2019-2023","2022","Census","New Mexico (State)"
"Census Tract","35049010317","NM","35049010317","=""35049010317""","513","2019-2023","2022","Census","New Mexico (State)"
"Census Tract","35049010318","NM","35049010318","=""35049010318""","707","2019-2023","2022","Census","New Mexico (State)"
"Census Tract","35049010400","NM","35049010400","=""35049010400""","1741","2019-2023","2022","Census","New Mexico (State)"
"Census Tract","35049010500","NM","35049010500","=""35049010500""","1254","2019-2023","2022","Census","New Mexico (State)"
"Census Tract","35049010601","NM","35049010601","=""35049010601""","2331","2019-2023","2022","Census","New Mexico (State)"
"Census Tract","35049010602","NM","35049010602","=""35049010602""","1384","2019-2023","2022","Census","New Mexico (State)"
"Census Tract","35049010603","NM","35049010603","=""35049010603""","997","2019-2023","2022","Census","New Mexico (State)"
"Census Tract","35049010701","NM","35049010701","=""35049010701""","1757","2019-2023","2022","Census","New Mexico (State)"
"Census Tract","35049010702","NM","35049010702","=""35049010702""","745","2019-2023","2022","Census","New Mexico (State)"
"Census Tract","35049010800","NM","35049010800","=""35049010800""","1704","2019-2023","2022","Census","New Mexico (State)"
"Census Tract","35049010900","NM","35049010900","=""35049010900""","1407","2019-2023","2022","Census","New Mexico (State)"
"Census Tract","35049940300","NM","35049940300","=""35049940300""","938","2019-2023","2022","Census","New Mexico (State)"
"Census Tract","35049940400","NM","35049940400","=""35049940400""","844","2019-2023","2022","Census","New Mexico (State)"
"Census Tract","35049940500","NM","35049940500","=""35049940500""","982","2019-2023","2022","Census","New Mexico (State)"
"Census Tract","35049940600","NM","35049940600","=""35049940600""","1728","2019-2023","2022","Census","New Mexico (State)"
"Census Tract","35049940900","NM","35049940900","=""35049940900""","1530","2019-2023","2022","Census","New Mexico (State)"
"Census Tract","35049980000","NM","35049980000","=""35049980000""","12","2019-2023","2022","Census","New Mexico (State)"
"Census Tract","35049980200","NM","35049980200","=""35049980200""","42","2019-2023","2022","Census","New Mexico (State)"
"Census Tract","35051962200","NM","35051962200","=""35051962200""","1966","2019-2023","2022","Census","New Mexico (State)"
"Census Tract","35051962300","NM","35051962300","=""35051962300""","1900","2019-2023","2022","Census","New Mexico (State)"
"Census Tract","35051962401","NM","35051962401","=""35051962401""","2378","2019-2023","2022","Census","New Mexico (State)"
"Census Tract","35051962402","NM","35051962402","=""35051962402""","1895","2019-2023","2022","Census","New Mexico (State)"
"Census Tract","35053940000","NM","35053940000","=""35053940000""","611","2019-2023","2022","Census","New Mexico (State)"
"Census Tract","35053978100","NM","35053978100","=""35053978100""","1871","2019-2023","2022","Census","New Mexico (State)"
"Census Tract","35053978200","NM","35053978200","=""35053978200""","983","2019-2023","2022","Census","New Mexico (State)"
"Census Tract","35053978301","NM","35053978301","=""35053978301""","1117","2019-2023","2022","Census","New Mexico (State)"
"Census Tract","35053978302","NM","35053978302","=""35053978302""","1684","2019-2023","2022","Census","New Mexico (State)"
"Census Tract","35053978303","NM","35053978303","=""35053978303""","1376","2019-2023","2022","Census","New Mexico (State)"
"Census Tract","35055940000","NM","35055940000","=""35055940000""","971","2019-2023","2022","Census","New Mexico (State)"
"Census Tract","35055940101","NM","35055940101","=""35055940101""","2331","2019-2023","2022","Census","New Mexico (State)"
"Census Tract","35055940102","NM","35055940102","=""35055940102""","2486","2019-2023","2022","Census","New Mexico (State)"
"Census Tract","35055952101","NM","35055952101","=""35055952101""","2516","2019-2023","2022","Census","New Mexico (State)"
"Census Tract","35055952102","NM","35055952102","=""35055952102""","2936","2019-2023","2022","Census","New Mexico (State)"
"Census Tract","35055952300","NM","35055952300","=""35055952300""","2156","2019-2023","2022","Census","New Mexico (State)"
"Census Tract","35055952601","NM","35055952601","=""35055952601""","1667","2019-2023","2022","Census","New Mexico (State)"
"Census Tract","35055952602","NM","35055952602","=""35055952602""","2344","2019-2023","2022","Census","New Mexico (State)"
"Census Tract","35055952701","NM","35055952701","=""35055952701""","1897","2019-2023","2022","Census","New Mexico (State)"
"Census Tract","35055952702","NM","35055952702","=""35055952702""","1787","2019-2023","2022","Census","New Mexico (State)"
"Census Tract","35057963201","NM","35057963201","=""35057963201""","1951","2019-2023","2022","Census","New Mexico (State)"
"Census Tract","35057963202","NM","35057963202","=""35057963202""","1450","2019-2023","2022","Census","New Mexico (State)"
"Census Tract","35057963601","NM","35057963601","=""35057963601""","2704","2019-2023","2022","Census","New Mexico (State)"
"Census Tract","35057963700","NM","35057963700","=""35057963700""","1133","2019-2023","2022","Census","New Mexico (State)"
"Census Tract","35057980000","NM","35057980000","=""35057980000""","0","2019-2023","2022","Census","New Mexico (State)"
"Census Tract","35059950200","NM","35059950200","=""35059950200""","2091","2019-2023","2022","Census","New Mexico (State)"
"Census Tract","35061940300","NM","35061940300","=""35061940300""","510","2019-2023","2022","Census","New Mexico (State)"
"Census Tract","35061941400","NM","35061941400","=""35061941400""","1186","2019-2023","2022","Census","New Mexico (State)"
"Census Tract","35061970101","NM","35061970101","=""35061970101""","1610","2019-2023","2022","Census","New Mexico (State)"
"Census Tract","35061970103","NM","35061970103","=""35061970103""","1184","2019-2023","2022","Census","New Mexico (State)"
"Census Tract","35061970104","NM","35061970104","=""35061970104""","1481","2019-2023","2022","Census","New Mexico (State)"
"Census Tract","35061970200","NM","35061970200","=""35061970200""","1714","2019-2023","2022","Census","New Mexico (State)"
"Census Tract","35061970302","NM","35061970302","=""35061970302""","971","2019-2023","2022","Census","New Mexico (State)"
"Census Tract","35061970304","NM","35061970304","=""35061970304""","1260","2019-2023","2022","Census","New Mexico (State)"
"Census Tract","35061970305","NM","35061970305","=""35061970305""","1121","2019-2023","2022","Census","New Mexico (State)"
"Census Tract","35061970306","NM","35061970306","=""35061970306""","1234","2019-2023","2022","Census","New Mexico (State)"
"Census Tract","35061970307","NM","35061970307","=""35061970307""","1168","2019-2023","2022","Census","New Mexico (State)"
"Census Tract","35061970401","NM","35061970401","=""35061970401""","2378","2019-2023","2022","Census","New Mexico (State)"
"Census Tract","35061970404","NM","35061970404","=""35061970404""","2423","2019-2023","2022","Census","New Mexico (State)"
"Census Tract","35061970405","NM","35061970405","=""35061970405""","1615","2019-2023","2022","Census","New Mexico (State)"
"Census Tract","35061970701","NM","35061970701","=""35061970701""","2103","2019-2023","2022","Census","New Mexico (State)"
"Census Tract","35061970800","NM","35061970800","=""35061970800""","2105","2019-2023","2022","Census","New Mexico (State)"
"Census Tract","35061970901","NM","35061970901","=""35061970901""","2090","2019-2023","2022","Census","New Mexico (State)"
"Census Tract","35061970902","NM","35061970902","=""35061970902""","796","2019-2023","2022","Census","New Mexico (State)"
"Census Tract","35061971000","NM","35061971000","=""35061971000""","1982","2019-2023","2022","Census","New Mexico (State)"
"Census Tract","35061971100","NM","35061971100","=""35061971100""","604","2019-2023","2022","Census","New Mexico (State)"
"Census Tract","35061971301","NM","35061971301","=""35061971301""","840","2019-2023","2022","Census","New Mexico (State)"
"Census Tract","35061980100","NM","35061980100","=""35061980100""","21","2019-2023","2022","Census","New Mexico (State)"
"Census Tract","35061980200","NM","35061980200","=""35061980200""","0","2019-2023","2022","Census","New Mexico (State)"
"Census Tract","35061980300","NM","35061980300","=""35061980300""","0","2019-2023","2022","Census","New Mexico (State)"
"Census Tract","35061980400","NM","35061980400","=""35061980400""","0","2019-2023","2022","Census","New Mexico (State)"
